record_id,po_number,line_no,sku,triage_label,scenario,label_what,label_who,mitigation_steps,po_qty,po_price,asn_qty,inv_qty,inv_price,qty_delta,qty_delta_pct,price_diff_pct,has_po_ref,is_repeat,supplier_category,supplier_risk_tier,supplier_exception_rate_30d,days_order_to_ship,days_ship_to_invoice,days_order_to_invoice
PO260117000022-L0001,PO260117000022,1,4517-0615-0001,AUTO_APPROVE,MATCH,MATCH,None,No action required. Auto-close the 3-way match case.,112.0,106.0,112.0,112.0,106.0,0.0,0.0,0.0,1,0,RAW_MATERIAL,LOW,0.06542,10,0,10
PO260117000022-L0002,PO260117000022,2,4943-1487-0002,AUTO_APPROVE,MATCH,MATCH,None,No action required. Auto-close the 3-way match case.,16.0,207.15,16.0,16.0,207.15,0.0,0.0,0.0,1,0,RAW_MATERIAL,LOW,0.06542,10,0,10
PO260117000022-L0003,PO260117000022,3,3028-3658-0003,AUTO_APPROVE,MATCH,MATCH,None,No action required. Auto-close the 3-way match case.,148.0,147.42,148.0,148.0,147.42,0.0,0.0,0.0,1,0,RAW_MATERIAL,LOW,0.06542,10,0,10
PO260117000022-L0004,PO260117000022,4,1812-3623-0004,AUTO_APPROVE,MATCH,MATCH,None,No action required. Auto-close the 3-way match case.,143.0,214.97,143.0,143.0,214.97,0.0,0.0,0.0,1,0,RAW_MATERIAL,LOW,0.06542,10,0,10
PO260117000022-L0005,PO260117000022,5,5744-6868-0005,AUTO_APPROVE,MATCH,MATCH,None,No action required. Auto-close the 3-way match case.,139.0,31.65,139.0,139.0,31.65,0.0,0.0,0.0,1,0,RAW_MATERIAL,LOW,0.06542,10,0,10
PO260117000168-L0001,PO260117000168,1,4999-1342-0001,AUTO_APPROVE,PRICE_ERROR,PRICE_ERROR,Finance,Hold payment. Request corrected invoice or issue debit/credit memo based on contract price.,135.0,125.04,135.0,135.0,125.04,0.0,0.0,0.0,1,0,PACKAGING,LOW,0.041088,5,1,6
PO260117000168-L0002,PO260117000168,2,6627-7354-0002,AUTO_APPROVE,PRICE_ERROR,PRICE_ERROR,Finance,Hold payment. Request corrected invoice or issue debit/credit memo based on contract price.,156.0,245.09,156.0,156.0,245.09,0.0,0.0,0.0,1,0,PACKAGING,LOW,0.041088,5,1,6
PO260117000259-L0001,PO260117000259,1,6823-2754-0001,MANUAL_REVIEW,TAX_MISMATCH,TAX_MISMATCH,Finance,Validate tax jurisdiction and taxable status. Request corrected invoice or adjust tax posting.,127.0,17.09,127.0,127.0,17.09,0.0,0.0,0.0,1,0,SERVICES,HIGH,0.205018,6,0,6
PO260117000259-L0002,PO260117000259,2,5709-2120-0002,MANUAL_REVIEW,TAX_MISMATCH,TAX_MISMATCH,Finance,Validate tax jurisdiction and taxable status. Request corrected invoice or adjust tax posting.,102.0,99.26,102.0,102.0,99.26,0.0,0.0,0.0,1,0,SERVICES,HIGH,0.205018,6,0,6
PO260117000259-L0003,PO260117000259,3,9134-1321-0003,MANUAL_REVIEW,TAX_MISMATCH,TAX_MISMATCH,Finance,Validate tax jurisdiction and taxable status. Request corrected invoice or adjust tax posting.,115.0,101.91,115.0,115.0,101.91,0.0,0.0,0.0,1,0,SERVICES,HIGH,0.205018,6,0,6
PO260117000259-L0004,PO260117000259,4,5552-2244-0004,MANUAL_REVIEW,TAX_MISMATCH,TAX_MISMATCH,Finance,Validate tax jurisdiction and taxable status. Request corrected invoice or adjust tax posting.,222.0,138.68,222.0,222.0,138.68,0.0,0.0,0.0,1,0,SERVICES,HIGH,0.205018,6,0,6
PO260117000378-L0001,PO260117000378,1,3056-8446-0001,AUTO_APPROVE,MATCH,MATCH,None,No action required. Auto-close the 3-way match case.,117.0,225.13,117.0,117.0,225.13,0.0,0.0,0.0,1,0,MRO,LOW,0.015275,10,4,14
PO260117000378-L0002,PO260117000378,2,7428-6522-0002,AUTO_APPROVE,MATCH,MATCH,None,No action required. Auto-close the 3-way match case.,101.0,28.13,101.0,101.0,28.13,0.0,0.0,0.0,1,0,MRO,LOW,0.015275,10,4,14
PO260117000378-L0003,PO260117000378,3,7560-1020-0003,AUTO_APPROVE,MATCH,MATCH,None,No action required. Auto-close the 3-way match case.,18.0,246.21,18.0,18.0,246.21,0.0,0.0,0.0,1,0,MRO,LOW,0.015275,10,4,14
PO260117000471-L0001,PO260117000471,1,6613-4338-0001,MANUAL_REVIEW,QTY_SHORT,QTY_SHORT,Logistics,"Flag as short shipment. Notify supplier, request backorder/credit, and update receiving reconciliation.",213.0,173.78,176.0,213.0,173.78,0.0,0.0,0.0,1,0,MRO,MEDIUM,0.124763,2,1,3
PO260117000561-L0001,PO260117000561,1,9073-5826-0001,MANUAL_REVIEW,UOM_DISCREPANCY,UOM_DISCREPANCY,Procurement,"Normalize UOM using item master conversion. If mismatch persists, request corrected docs.",8.0,198.05,8.0,8.0,198.05,0.0,0.0,0.0,1,0,RAW_MATERIAL,MEDIUM,0.078059,4,1,5
PO260117000561-L0002,PO260117000561,2,8737-4247-0002,MANUAL_REVIEW,UOM_DISCREPANCY,UOM_DISCREPANCY,Procurement,"Normalize UOM using item master conversion. If mismatch persists, request corrected docs.",178.0,152.27,178.0,178.0,152.27,0.0,0.0,0.0,1,0,RAW_MATERIAL,MEDIUM,0.078059,4,1,5
PO260117000561-L0003,PO260117000561,3,6640-7328-0003,MANUAL_REVIEW,UOM_DISCREPANCY,UOM_DISCREPANCY,Procurement,"Normalize UOM using item master conversion. If mismatch persists, request corrected docs.",245.0,243.69,245.0,245.0,243.69,0.0,0.0,0.0,1,0,RAW_MATERIAL,MEDIUM,0.078059,4,1,5
PO260117000561-L0004,PO260117000561,4,2319-3613-0004,MANUAL_REVIEW,UOM_DISCREPANCY,UOM_DISCREPANCY,Procurement,"Normalize UOM using item master conversion. If mismatch persists, request corrected docs.",59.0,118.84,59.0,59.0,118.84,0.0,0.0,0.0,1,0,RAW_MATERIAL,MEDIUM,0.078059,4,1,5
PO260117000561-L0005,PO260117000561,5,6533-3349-0005,MANUAL_REVIEW,UOM_DISCREPANCY,UOM_DISCREPANCY,Procurement,"Normalize UOM using item master conversion. If mismatch persists, request corrected docs.",160.0,246.35,160.0,160.0,246.35,0.0,0.0,0.0,1,0,RAW_MATERIAL,MEDIUM,0.078059,4,1,5
PO260117000669-L0001,PO260117000669,1,3785-2082-0001,MANUAL_REVIEW,UOM_DISCREPANCY,UOM_DISCREPANCY,Procurement,"Normalize UOM using item master conversion. If mismatch persists, request corrected docs.",39.0,148.73,39.0,39.0,148.73,0.0,0.0,0.0,1,0,PACKAGING,LOW,0.060181,2,5,7
PO260117000669-L0002,PO260117000669,2,8624-2395-0002,MANUAL_REVIEW,UOM_DISCREPANCY,UOM_DISCREPANCY,Procurement,"Normalize UOM using item master conversion. If mismatch persists, request corrected docs.",169.0,234.52,169.0,169.0,234.52,0.0,0.0,0.0,1,0,PACKAGING,LOW,0.060181,2,5,7
PO260117000794-L0001,PO260117000794,1,3142-8714-0001,AUTO_APPROVE,MATCH,MATCH,None,No action required. Auto-close the 3-way match case.,135.0,128.86,135.0,135.0,128.86,0.0,0.0,0.0,1,0,PACKAGING,HIGH,0.142841,9,3,12
PO260117000794-L0002,PO260117000794,2,8211-3001-0002,AUTO_APPROVE,MATCH,MATCH,None,No action required. Auto-close the 3-way match case.,199.0,200.29,199.0,199.0,200.29,0.0,0.0,0.0,1,0,PACKAGING,HIGH,0.142841,9,3,12
PO260117000794-L0003,PO260117000794,3,3823-2320-0003,AUTO_APPROVE,MATCH,MATCH,None,No action required. Auto-close the 3-way match case.,159.0,181.99,159.0,159.0,181.99,0.0,0.0,0.0,1,0,PACKAGING,HIGH,0.142841,9,3,12
PO260117000794-L0004,PO260117000794,4,2011-5341-0004,AUTO_APPROVE,MATCH,MATCH,None,No action required. Auto-close the 3-way match case.,201.0,194.68,201.0,201.0,194.68,0.0,0.0,0.0,1,0,PACKAGING,HIGH,0.142841,9,3,12
PO260117000794-L0005,PO260117000794,5,1930-4072-0005,AUTO_APPROVE,MATCH,MATCH,None,No action required. Auto-close the 3-way match case.,71.0,12.94,71.0,71.0,12.94,0.0,0.0,0.0,1,0,PACKAGING,HIGH,0.142841,9,3,12
PO260117000876-L0001,PO260117000876,1,8332-2247-0001,AUTO_APPROVE,QTY_SHORT,QTY_SHORT,Logistics,"Flag as short shipment. Notify supplier, request backorder/credit, and update receiving reconciliation.",32.0,99.61,32.0,32.0,99.61,0.0,0.0,0.0,1,0,SERVICES,MEDIUM,0.04986,5,4,9
PO260117000876-L0002,PO260117000876,2,6177-1189-0002,MANUAL_REVIEW,QTY_SHORT,QTY_SHORT,Logistics,"Flag as short shipment. Notify supplier, request backorder/credit, and update receiving reconciliation.",110.0,20.6,109.0,105.0,20.6,-5.0,-0.045454545454545456,0.0,1,0,SERVICES,MEDIUM,0.04986,5,4,9
PO260117000976-L0001,PO260117000976,1,2848-3745-0001,MANUAL_REVIEW,QTY_SHORT,QTY_SHORT,Logistics,"Flag as short shipment. Notify supplier, request backorder/credit, and update receiving reconciliation.",22.0,68.23,21.0,21.0,68.23,-1.0,-0.045454545454545456,0.0,1,0,MRO,LOW,0.029265,5,4,9
PO260117001025-L0001,PO260117001025,1,7844-4389-0001,MANUAL_REVIEW,TAX_MISMATCH,TAX_MISMATCH,Finance,Validate tax jurisdiction and taxable status. Request corrected invoice or adjust tax posting.,12.0,132.91,12.0,12.0,132.91,0.0,0.0,0.0,1,0,PACKAGING,LOW,0.034597,1,2,3
PO260117001025-L0002,PO260117001025,2,4906-1794-0002,MANUAL_REVIEW,TAX_MISMATCH,TAX_MISMATCH,Finance,Validate tax jurisdiction and taxable status. Request corrected invoice or adjust tax posting.,68.0,14.97,68.0,68.0,14.97,0.0,0.0,0.0,1,0,PACKAGING,LOW,0.034597,1,2,3
PO260117001025-L0003,PO260117001025,3,4305-5112-0003,AUTO_APPROVE,TAX_MISMATCH,TAX_MISMATCH,Finance,Validate tax jurisdiction and taxable status. Request corrected invoice or adjust tax posting.,136.0,190.48,136.0,136.0,190.48,0.0,0.0,0.0,1,0,PACKAGING,LOW,0.034597,1,2,3
PO260117001025-L0004,PO260117001025,4,5750-7303-0004,AUTO_APPROVE,TAX_MISMATCH,TAX_MISMATCH,Finance,Validate tax jurisdiction and taxable status. Request corrected invoice or adjust tax posting.,70.0,88.38,70.0,70.0,88.38,0.0,0.0,0.0,1,0,PACKAGING,LOW,0.034597,1,2,3
PO260117001025-L0005,PO260117001025,5,1297-4104-0005,MANUAL_REVIEW,TAX_MISMATCH,TAX_MISMATCH,Finance,Validate tax jurisdiction and taxable status. Request corrected invoice or adjust tax posting.,4.0,7.06,4.0,4.0,7.06,0.0,0.0,0.0,1,0,PACKAGING,LOW,0.034597,1,2,3
PO260117001158-L0001,PO260117001158,1,4968-4802-0001,AUTO_APPROVE,QTY_SHORT,QTY_SHORT,Logistics,"Flag as short shipment. Notify supplier, request backorder/credit, and update receiving reconciliation.",118.0,48.37,116.0,118.0,48.37,0.0,0.0,0.0,1,0,MRO,LOW,0.024167,9,5,14
PO260117001158-L0002,PO260117001158,2,5407-7305-0002,AUTO_APPROVE,QTY_SHORT,QTY_SHORT,Logistics,"Flag as short shipment. Notify supplier, request backorder/credit, and update receiving reconciliation.",68.0,92.62,68.0,68.0,92.62,0.0,0.0,0.0,1,0,MRO,LOW,0.024167,9,5,14
PO260117001158-L0003,PO260117001158,3,6389-8964-0003,AUTO_APPROVE,QTY_SHORT,QTY_SHORT,Logistics,"Flag as short shipment. Notify supplier, request backorder/credit, and update receiving reconciliation.",63.0,11.03,63.0,63.0,11.03,0.0,0.0,0.0,1,0,MRO,LOW,0.024167,9,5,14
PO260117001229-L0001,PO260117001229,1,1717-8405-0001,AUTO_APPROVE,MATCH,MATCH,None,No action required. Auto-close the 3-way match case.,188.0,176.01,188.0,188.0,176.01,0.0,0.0,0.0,1,0,SERVICES,LOW,0.003375,10,5,15
PO260117001229-L0002,PO260117001229,2,9282-2283-0002,AUTO_APPROVE,MATCH,MATCH,None,No action required. Auto-close the 3-way match case.,212.0,172.4,212.0,212.0,172.4,0.0,0.0,0.0,1,0,SERVICES,LOW,0.003375,10,5,15
PO260117001397-L0001,PO260117001397,1,8486-1149-0001,MANUAL_REVIEW,PRICE_ERROR,PRICE_ERROR,Finance,Hold payment. Request corrected invoice or issue debit/credit memo based on contract price.,169.0,132.68,169.0,169.0,132.68,0.0,0.0,0.0,1,0,MRO,MEDIUM,0.182694,8,2,10
PO260117001472-L0001,PO260117001472,1,9021-4766-0001,AUTO_APPROVE,MATCH,MATCH,None,No action required. Auto-close the 3-way match case.,119.0,117.81,119.0,119.0,117.81,0.0,0.0,0.0,1,0,PACKAGING,MEDIUM,0.110695,2,5,7
PO260117001472-L0002,PO260117001472,2,2941-8997-0002,AUTO_APPROVE,MATCH,MATCH,None,No action required. Auto-close the 3-way match case.,80.0,244.59,80.0,80.0,244.78,0.0,0.0,0.000776810172124771,1,0,PACKAGING,MEDIUM,0.110695,2,5,7
PO260117001572-L0001,PO260117001572,1,9055-7386-0001,MANUAL_REVIEW,TAX_MISMATCH,TAX_MISMATCH,Finance,Validate tax jurisdiction and taxable status. Request corrected invoice or adjust tax posting.,78.0,182.48,78.0,78.0,182.48,0.0,0.0,0.0,1,0,RAW_MATERIAL,LOW,0.047068,1,1,2
PO260117001645-L0001,PO260117001645,1,3439-4085-0001,MANUAL_REVIEW,PRICE_ERROR,PRICE_ERROR,Finance,Hold payment. Request corrected invoice or issue debit/credit memo based on contract price.,112.0,128.96,112.0,112.0,128.96,0.0,0.0,0.0,1,0,PACKAGING,HIGH,0.184882,1,5,6
PO260117001645-L0002,PO260117001645,2,4110-6117-0002,MANUAL_REVIEW,PRICE_ERROR,PRICE_ERROR,Finance,Hold payment. Request corrected invoice or issue debit/credit memo based on contract price.,227.0,9.68,227.0,227.0,9.79,0.0,0.0,0.011363636363636305,1,0,PACKAGING,HIGH,0.184882,1,5,6
PO260117001645-L0003,PO260117001645,3,7554-9080-0003,MANUAL_REVIEW,PRICE_ERROR,PRICE_ERROR,Finance,Hold payment. Request corrected invoice or issue debit/credit memo based on contract price.,185.0,22.44,185.0,185.0,22.44,0.0,0.0,0.0,1,0,PACKAGING,HIGH,0.184882,1,5,6
PO260117001774-L0001,PO260117001774,1,8421-5454-0001,AUTO_APPROVE,MATCH,MATCH,None,No action required. Auto-close the 3-way match case.,110.0,37.05,110.0,110.0,37.05,0.0,0.0,0.0,1,0,RAW_MATERIAL,LOW,0.0,8,4,12
PO260117001774-L0002,PO260117001774,2,4152-4000-0002,AUTO_APPROVE,MATCH,MATCH,None,No action required. Auto-close the 3-way match case.,45.0,87.13,45.0,45.0,87.13,0.0,0.0,0.0,1,0,RAW_MATERIAL,LOW,0.0,8,4,12
PO260117001821-L0001,PO260117001821,1,8304-7076-0001,AUTO_APPROVE,QTY_SHORT,QTY_SHORT,Logistics,"Flag as short shipment. Notify supplier, request backorder/credit, and update receiving reconciliation.",218.0,204.05,209.0,218.0,204.05,0.0,0.0,0.0,1,0,SERVICES,LOW,0.039739,4,3,7
PO260117001821-L0002,PO260117001821,2,1357-2085-0002,AUTO_APPROVE,QTY_SHORT,QTY_SHORT,Logistics,"Flag as short shipment. Notify supplier, request backorder/credit, and update receiving reconciliation.",109.0,178.1,109.0,109.0,178.1,0.0,0.0,0.0,1,0,SERVICES,LOW,0.039739,4,3,7
PO260117001821-L0003,PO260117001821,3,8754-9621-0003,AUTO_APPROVE,QTY_SHORT,QTY_SHORT,Logistics,"Flag as short shipment. Notify supplier, request backorder/credit, and update receiving reconciliation.",1.0,20.6,1.0,1.0,20.6,0.0,0.0,0.0,1,0,SERVICES,LOW,0.039739,4,3,7
PO260117001821-L0004,PO260117001821,4,9648-7671-0004,AUTO_APPROVE,QTY_SHORT,QTY_SHORT,Logistics,"Flag as short shipment. Notify supplier, request backorder/credit, and update receiving reconciliation.",64.0,196.32,64.0,64.0,196.32,0.0,0.0,0.0,1,0,SERVICES,LOW,0.039739,4,3,7
PO260117001924-L0001,PO260117001924,1,4140-6359-0001,AUTO_APPROVE,PRICE_ERROR,PRICE_ERROR,Finance,Hold payment. Request corrected invoice or issue debit/credit memo based on contract price.,58.0,198.15,58.0,58.0,198.15,0.0,0.0,0.0,1,0,CAPEX,MEDIUM,0.004751,2,2,4
PO260117001924-L0002,PO260117001924,2,1018-0172-0002,AUTO_APPROVE,PRICE_ERROR,PRICE_ERROR,Finance,Hold payment. Request corrected invoice or issue debit/credit memo based on contract price.,118.0,71.45,118.0,118.0,71.45,0.0,0.0,0.0,1,0,CAPEX,MEDIUM,0.004751,2,2,4
PO260117001924-L0003,PO260117001924,3,6183-3971-0003,AUTO_APPROVE,PRICE_ERROR,PRICE_ERROR,Finance,Hold payment. Request corrected invoice or issue debit/credit memo based on contract price.,135.0,60.61,135.0,135.0,60.61,0.0,0.0,0.0,1,0,CAPEX,MEDIUM,0.004751,2,2,4
PO260117001924-L0004,PO260117001924,4,5047-0480-0004,AUTO_APPROVE,PRICE_ERROR,PRICE_ERROR,Finance,Hold payment. Request corrected invoice or issue debit/credit memo based on contract price.,181.0,163.29,181.0,181.0,163.29,0.0,0.0,0.0,1,0,CAPEX,MEDIUM,0.004751,2,2,4
PO260117001924-L0005,PO260117001924,5,1906-0357-0005,AUTO_APPROVE,PRICE_ERROR,PRICE_ERROR,Finance,Hold payment. Request corrected invoice or issue debit/credit memo based on contract price.,128.0,221.5,128.0,128.0,221.5,0.0,0.0,0.0,1,0,CAPEX,MEDIUM,0.004751,2,2,4
PO260117002038-L0001,PO260117002038,1,3398-6447-0001,AUTO_APPROVE,MATCH,MATCH,None,No action required. Auto-close the 3-way match case.,55.0,8.35,55.0,55.0,8.35,0.0,0.0,0.0,1,0,PACKAGING,LOW,0.01042,7,5,12
PO260117002166-L0001,PO260117002166,1,5584-1324-0001,AUTO_APPROVE,QTY_SHORT,QTY_SHORT,Logistics,"Flag as short shipment. Notify supplier, request backorder/credit, and update receiving reconciliation.",108.0,238.99,105.0,108.0,238.99,0.0,0.0,0.0,1,0,PACKAGING,HIGH,0.112667,2,0,2
PO260117002258-L0001,PO260117002258,1,5210-3194-0001,AUTO_APPROVE,QTY_SHORT,QTY_SHORT,Logistics,"Flag as short shipment. Notify supplier, request backorder/credit, and update receiving reconciliation.",231.0,152.39,206.0,231.0,152.39,0.0,0.0,0.0,1,0,CAPEX,LOW,0.015631,8,0,8
PO260117002365-L0001,PO260117002365,1,3997-0143-0001,AUTO_APPROVE,QTY_SHORT,QTY_SHORT,Logistics,"Flag as short shipment. Notify supplier, request backorder/credit, and update receiving reconciliation.",211.0,173.8,211.0,211.0,173.8,0.0,0.0,0.0,1,0,CAPEX,MEDIUM,0.051115,8,1,9
PO260117002365-L0002,PO260117002365,2,3479-9950-0002,AUTO_APPROVE,QTY_SHORT,QTY_SHORT,Logistics,"Flag as short shipment. Notify supplier, request backorder/credit, and update receiving reconciliation.",84.0,215.66,84.0,84.0,215.66,0.0,0.0,0.0,1,0,CAPEX,MEDIUM,0.051115,8,1,9
PO260117002365-L0003,PO260117002365,3,8549-5929-0003,AUTO_APPROVE,QTY_SHORT,QTY_SHORT,Logistics,"Flag as short shipment. Notify supplier, request backorder/credit, and update receiving reconciliation.",132.0,51.33,132.0,132.0,51.33,0.0,0.0,0.0,1,0,CAPEX,MEDIUM,0.051115,8,1,9
PO260117002365-L0004,PO260117002365,4,3620-4052-0004,AUTO_APPROVE,QTY_SHORT,QTY_SHORT,Logistics,"Flag as short shipment. Notify supplier, request backorder/credit, and update receiving reconciliation.",17.0,163.26,17.0,17.0,163.26,0.0,0.0,0.0,1,0,CAPEX,MEDIUM,0.051115,8,1,9
PO260117002444-L0001,PO260117002444,1,4263-7200-0001,MANUAL_REVIEW,DUPLICATE_INVOICE,DUPLICATE_INVOICE,Finance,Detect duplicate invoice. Auto-hold duplicate and notify AP for review before payment.,48.0,63.22,48.0,72.0,63.22,24.0,0.5,0.0,1,1,MRO,MEDIUM,0.071177,5,5,10
PO260117002444-L0002,PO260117002444,2,3512-4610-0002,MANUAL_REVIEW,DUPLICATE_INVOICE,DUPLICATE_INVOICE,Finance,Detect duplicate invoice. Auto-hold duplicate and notify AP for review before payment.,84.0,18.54,84.0,90.0,18.54,6.0,0.07142857142857142,0.0,1,1,MRO,MEDIUM,0.071177,5,5,10
PO260117002444-L0003,PO260117002444,3,5123-4030-0003,MANUAL_REVIEW,DUPLICATE_INVOICE,DUPLICATE_INVOICE,Finance,Detect duplicate invoice. Auto-hold duplicate and notify AP for review before payment.,167.0,202.59,167.0,243.0,202.59,76.0,0.4550898203592814,0.0,1,1,MRO,MEDIUM,0.071177,5,5,10
PO260117002595-L0001,PO260117002595,1,6729-3566-0001,AUTO_APPROVE,MATCH,MATCH,None,No action required. Auto-close the 3-way match case.,95.0,86.65,95.0,95.0,86.65,0.0,0.0,0.0,1,0,SERVICES,LOW,0.045578,2,5,7
PO260117002595-L0002,PO260117002595,2,1723-3342-0002,AUTO_APPROVE,MATCH,MATCH,None,No action required. Auto-close the 3-way match case.,10.0,150.86,10.0,10.0,150.86,0.0,0.0,0.0,1,0,SERVICES,LOW,0.045578,2,5,7
PO260117002595-L0003,PO260117002595,3,4333-0187-0003,AUTO_APPROVE,MATCH,MATCH,None,No action required. Auto-close the 3-way match case.,105.0,170.38,105.0,105.0,170.38,0.0,0.0,0.0,1,0,SERVICES,LOW,0.045578,2,5,7
PO260117002595-L0004,PO260117002595,4,4033-5116-0004,AUTO_APPROVE,MATCH,MATCH,None,No action required. Auto-close the 3-way match case.,53.0,10.29,53.0,53.0,10.29,0.0,0.0,0.0,1,0,SERVICES,LOW,0.045578,2,5,7
PO260117002595-L0005,PO260117002595,5,9120-8980-0005,AUTO_APPROVE,MATCH,MATCH,None,No action required. Auto-close the 3-way match case.,17.0,103.52,17.0,17.0,103.52,0.0,0.0,0.0,1,0,SERVICES,LOW,0.045578,2,5,7
PO260117002612-L0001,PO260117002612,1,7401-6636-0001,MANUAL_REVIEW,UNAUTHORIZED_SHIP,UNAUTHORIZED_SHIP,Vendor,Flag unauthorized shipment. Validate PO authorization/ship-to; initiate return or chargeback workflow.,242.0,3.95,242.0,242.0,3.95,0.0,0.0,0.0,1,0,PACKAGING,MEDIUM,0.110799,6,5,11
PO260117002612-L0002,PO260117002612,2,3565-6943-0002,MANUAL_REVIEW,UNAUTHORIZED_SHIP,UNAUTHORIZED_SHIP,Vendor,Flag unauthorized shipment. Validate PO authorization/ship-to; initiate return or chargeback workflow.,211.0,24.9,211.0,211.0,24.9,0.0,0.0,0.0,0,0,PACKAGING,MEDIUM,0.110799,6,5,11
PO260117002731-L0001,PO260117002731,1,9036-3234-0001,AUTO_APPROVE,MATCH,MATCH,None,No action required. Auto-close the 3-way match case.,33.0,209.73,33.0,33.0,209.73,0.0,0.0,0.0,1,0,PACKAGING,LOW,0.016197,2,0,2
PO260117002731-L0002,PO260117002731,2,1712-7910-0002,AUTO_APPROVE,MATCH,MATCH,None,No action required. Auto-close the 3-way match case.,14.0,152.89,14.0,14.0,152.89,0.0,0.0,0.0,1,0,PACKAGING,LOW,0.016197,2,0,2
PO260117002731-L0003,PO260117002731,3,7355-1414-0003,AUTO_APPROVE,MATCH,MATCH,None,No action required. Auto-close the 3-way match case.,164.0,196.99,164.0,164.0,196.99,0.0,0.0,0.0,1,0,PACKAGING,LOW,0.016197,2,0,2
PO260117002731-L0004,PO260117002731,4,4638-6628-0004,AUTO_APPROVE,MATCH,MATCH,None,No action required. Auto-close the 3-way match case.,213.0,119.56,213.0,213.0,119.57,0.0,0.0,8.364001338232607e-05,1,0,PACKAGING,LOW,0.016197,2,0,2
PO260117002859-L0001,PO260117002859,1,8181-2929-0001,AUTO_APPROVE,TAX_MISMATCH,TAX_MISMATCH,Finance,Validate tax jurisdiction and taxable status. Request corrected invoice or adjust tax posting.,1.0,155.68,1.0,1.0,155.68,0.0,0.0,0.0,1,0,PACKAGING,MEDIUM,0.069167,6,3,9
PO260117002859-L0002,PO260117002859,2,9019-7624-0002,MANUAL_REVIEW,TAX_MISMATCH,TAX_MISMATCH,Finance,Validate tax jurisdiction and taxable status. Request corrected invoice or adjust tax posting.,115.0,191.48,115.0,115.0,191.48,0.0,0.0,0.0,1,0,PACKAGING,MEDIUM,0.069167,6,3,9
PO260117002859-L0003,PO260117002859,3,8508-2943-0003,AUTO_APPROVE,TAX_MISMATCH,TAX_MISMATCH,Finance,Validate tax jurisdiction and taxable status. Request corrected invoice or adjust tax posting.,103.0,29.0,103.0,103.0,29.0,0.0,0.0,0.0,1,0,PACKAGING,MEDIUM,0.069167,6,3,9
PO260117002859-L0004,PO260117002859,4,3104-5875-0004,MANUAL_REVIEW,TAX_MISMATCH,TAX_MISMATCH,Finance,Validate tax jurisdiction and taxable status. Request corrected invoice or adjust tax posting.,94.0,25.2,94.0,94.0,25.2,0.0,0.0,0.0,1,0,PACKAGING,MEDIUM,0.069167,6,3,9
PO260117002859-L0005,PO260117002859,5,8241-8264-0005,AUTO_APPROVE,TAX_MISMATCH,TAX_MISMATCH,Finance,Validate tax jurisdiction and taxable status. Request corrected invoice or adjust tax posting.,11.0,160.02,11.0,11.0,160.02,0.0,0.0,0.0,1,0,PACKAGING,MEDIUM,0.069167,6,3,9
PO260117002938-L0001,PO260117002938,1,3601-5306-0001,MANUAL_REVIEW,UNAUTHORIZED_SHIP,UNAUTHORIZED_SHIP,Vendor,Flag unauthorized shipment. Validate PO authorization/ship-to; initiate return or chargeback workflow.,232.0,204.37,232.0,232.0,204.37,0.0,0.0,0.0,1,0,RAW_MATERIAL,MEDIUM,0.108285,6,4,10
PO260117002938-L0002,PO260117002938,2,3352-4165-0002,MANUAL_REVIEW,UNAUTHORIZED_SHIP,UNAUTHORIZED_SHIP,Vendor,Flag unauthorized shipment. Validate PO authorization/ship-to; initiate return or chargeback workflow.,54.0,148.99,54.0,54.0,148.99,0.0,0.0,0.0,1,0,RAW_MATERIAL,MEDIUM,0.108285,6,4,10
PO260117002938-L0003,PO260117002938,3,9290-3890-0003,MANUAL_REVIEW,UNAUTHORIZED_SHIP,UNAUTHORIZED_SHIP,Vendor,Flag unauthorized shipment. Validate PO authorization/ship-to; initiate return or chargeback workflow.,96.0,11.62,96.0,96.0,11.62,0.0,0.0,0.0,0,0,RAW_MATERIAL,MEDIUM,0.108285,6,4,10
PO260117003078-L0001,PO260117003078,1,5337-6157-0001,MANUAL_REVIEW,PRICE_ERROR,PRICE_ERROR,Finance,Hold payment. Request corrected invoice or issue debit/credit memo based on contract price.,148.0,38.68,148.0,148.0,38.68,0.0,0.0,0.0,1,0,SERVICES,MEDIUM,0.104216,7,5,12
PO260117003078-L0002,PO260117003078,2,6420-1334-0002,MANUAL_REVIEW,PRICE_ERROR,PRICE_ERROR,Finance,Hold payment. Request corrected invoice or issue debit/credit memo based on contract price.,59.0,46.25,59.0,59.0,42.79,0.0,0.0,-0.07481081081081083,1,0,SERVICES,MEDIUM,0.104216,7,5,12
PO260117003078-L0003,PO260117003078,3,1791-4856-0003,AUTO_APPROVE,PRICE_ERROR,PRICE_ERROR,Finance,Hold payment. Request corrected invoice or issue debit/credit memo based on contract price.,80.0,160.71,80.0,80.0,160.71,0.0,0.0,0.0,1,0,SERVICES,MEDIUM,0.104216,7,5,12
PO260117003123-L0001,PO260117003123,1,7770-9562-0001,AUTO_APPROVE,MATCH,MATCH,None,No action required. Auto-close the 3-way match case.,151.0,35.6,151.0,151.0,35.6,0.0,0.0,0.0,1,0,SERVICES,LOW,0.020742,6,4,10
PO260117003123-L0002,PO260117003123,2,7000-7781-0002,AUTO_APPROVE,MATCH,MATCH,None,No action required. Auto-close the 3-way match case.,35.0,5.99,35.0,35.0,5.99,0.0,0.0,0.0,1,0,SERVICES,LOW,0.020742,6,4,10
PO260117003294-L0001,PO260117003294,1,9491-9963-0001,AUTO_APPROVE,MATCH,MATCH,None,No action required. Auto-close the 3-way match case.,209.0,154.26,209.0,209.0,154.19,0.0,0.0,-0.0004537793335925916,1,0,MRO,HIGH,0.256207,3,3,6
PO260117003294-L0002,PO260117003294,2,9332-5069-0002,AUTO_APPROVE,MATCH,MATCH,None,No action required. Auto-close the 3-way match case.,77.0,157.43,77.0,77.0,157.43,0.0,0.0,0.0,1,0,MRO,HIGH,0.256207,3,3,6
PO260117003398-L0001,PO260117003398,1,5357-9074-0001,AUTO_APPROVE,TAX_MISMATCH,TAX_MISMATCH,Finance,Validate tax jurisdiction and taxable status. Request corrected invoice or adjust tax posting.,176.0,197.64,176.0,176.0,197.64,0.0,0.0,0.0,1,0,MRO,LOW,0.046871,5,5,10
PO260117003413-L0001,PO260117003413,1,4472-6416-0001,AUTO_APPROVE,QTY_SHORT,QTY_SHORT,Logistics,"Flag as short shipment. Notify supplier, request backorder/credit, and update receiving reconciliation.",145.0,227.92,145.0,145.0,227.92,0.0,0.0,0.0,1,0,SERVICES,LOW,0.046527,4,4,8
PO260117003413-L0002,PO260117003413,2,3369-0540-0002,AUTO_APPROVE,QTY_SHORT,QTY_SHORT,Logistics,"Flag as short shipment. Notify supplier, request backorder/credit, and update receiving reconciliation.",29.0,28.9,29.0,29.0,28.9,0.0,0.0,0.0,1,0,SERVICES,LOW,0.046527,4,4,8
PO260117003413-L0003,PO260117003413,3,3651-5651-0003,AUTO_APPROVE,QTY_SHORT,QTY_SHORT,Logistics,"Flag as short shipment. Notify supplier, request backorder/credit, and update receiving reconciliation.",180.0,9.61,180.0,180.0,9.61,0.0,0.0,0.0,1,0,SERVICES,LOW,0.046527,4,4,8
PO260117003590-L0001,PO260117003590,1,3173-1604-0001,MANUAL_REVIEW,UOM_DISCREPANCY,UOM_DISCREPANCY,Procurement,"Normalize UOM using item master conversion. If mismatch persists, request corrected docs.",76.0,81.49,76.0,76.0,81.49,0.0,0.0,0.0,1,0,MRO,MEDIUM,0.027705,5,3,8
PO260117003621-L0001,PO260117003621,1,1021-8578-0001,AUTO_APPROVE,QTY_SHORT,QTY_SHORT,Logistics,"Flag as short shipment. Notify supplier, request backorder/credit, and update receiving reconciliation.",74.0,191.14,74.0,74.0,191.14,0.0,0.0,0.0,1,0,MRO,LOW,0.038302,5,1,6
PO260117003621-L0002,PO260117003621,2,1884-0072-0002,AUTO_APPROVE,QTY_SHORT,QTY_SHORT,Logistics,"Flag as short shipment. Notify supplier, request backorder/credit, and update receiving reconciliation.",126.0,26.18,123.0,126.0,26.18,0.0,0.0,0.0,1,0,MRO,LOW,0.038302,5,1,6
PO260117003621-L0003,PO260117003621,3,4023-8104-0003,AUTO_APPROVE,QTY_SHORT,QTY_SHORT,Logistics,"Flag as short shipment. Notify supplier, request backorder/credit, and update receiving reconciliation.",246.0,208.38,246.0,246.0,208.38,0.0,0.0,0.0,1,0,MRO,LOW,0.038302,5,1,6
PO260117003621-L0004,PO260117003621,4,5269-9471-0004,AUTO_APPROVE,QTY_SHORT,QTY_SHORT,Logistics,"Flag as short shipment. Notify supplier, request backorder/credit, and update receiving reconciliation.",73.0,204.27,73.0,72.0,204.27,-1.0,-0.0136986301369863,0.0,1,0,MRO,LOW,0.038302,5,1,6
PO260117003767-L0001,PO260117003767,1,3777-7589-0001,AUTO_APPROVE,QTY_SHORT,QTY_SHORT,Logistics,"Flag as short shipment. Notify supplier, request backorder/credit, and update receiving reconciliation.",177.0,193.93,172.0,177.0,193.93,0.0,0.0,0.0,1,0,PACKAGING,LOW,0.068947,9,5,14
PO260117003767-L0002,PO260117003767,2,4785-2066-0002,AUTO_APPROVE,QTY_SHORT,QTY_SHORT,Logistics,"Flag as short shipment. Notify supplier, request backorder/credit, and update receiving reconciliation.",119.0,161.57,119.0,119.0,161.57,0.0,0.0,0.0,1,0,PACKAGING,LOW,0.068947,9,5,14
PO260117003767-L0003,PO260117003767,3,4898-8319-0003,AUTO_APPROVE,QTY_SHORT,QTY_SHORT,Logistics,"Flag as short shipment. Notify supplier, request backorder/credit, and update receiving reconciliation.",69.0,77.12,69.0,69.0,77.12,0.0,0.0,0.0,1,0,PACKAGING,LOW,0.068947,9,5,14
PO260117003848-L0001,PO260117003848,1,4214-1791-0001,AUTO_APPROVE,MATCH,MATCH,None,No action required. Auto-close the 3-way match case.,72.0,53.59,72.0,72.0,53.59,0.0,0.0,0.0,1,0,MRO,LOW,0.036606,5,3,8
PO260117003848-L0002,PO260117003848,2,7362-7601-0002,AUTO_APPROVE,MATCH,MATCH,None,No action required. Auto-close the 3-way match case.,4.0,101.26,4.0,4.0,101.26,0.0,0.0,0.0,1,0,MRO,LOW,0.036606,5,3,8
PO260117003848-L0003,PO260117003848,3,8152-3645-0003,AUTO_APPROVE,MATCH,MATCH,None,No action required. Auto-close the 3-way match case.,119.0,7.97,119.0,119.0,7.97,0.0,0.0,0.0,1,0,MRO,LOW,0.036606,5,3,8
PO260117003996-L0001,PO260117003996,1,6128-4257-0001,MANUAL_REVIEW,TAX_MISMATCH,TAX_MISMATCH,Finance,Validate tax jurisdiction and taxable status. Request corrected invoice or adjust tax posting.,230.0,106.35,230.0,230.0,106.35,0.0,0.0,0.0,1,0,SERVICES,HIGH,0.21223,2,3,5
PO260117003996-L0002,PO260117003996,2,7555-2564-0002,MANUAL_REVIEW,TAX_MISMATCH,TAX_MISMATCH,Finance,Validate tax jurisdiction and taxable status. Request corrected invoice or adjust tax posting.,218.0,107.34,218.0,218.0,107.34,0.0,0.0,0.0,1,0,SERVICES,HIGH,0.21223,2,3,5
PO260117003996-L0003,PO260117003996,3,8457-0323-0003,MANUAL_REVIEW,TAX_MISMATCH,TAX_MISMATCH,Finance,Validate tax jurisdiction and taxable status. Request corrected invoice or adjust tax posting.,133.0,169.62,133.0,133.0,169.62,0.0,0.0,0.0,1,0,SERVICES,HIGH,0.21223,2,3,5
PO260117003996-L0004,PO260117003996,4,3999-5375-0004,MANUAL_REVIEW,TAX_MISMATCH,TAX_MISMATCH,Finance,Validate tax jurisdiction and taxable status. Request corrected invoice or adjust tax posting.,100.0,208.39,100.0,100.0,208.39,0.0,0.0,0.0,1,0,SERVICES,HIGH,0.21223,2,3,5
PO260117004025-L0001,PO260117004025,1,1927-4137-0001,MANUAL_REVIEW,UNAUTHORIZED_SHIP,UNAUTHORIZED_SHIP,Vendor,Flag unauthorized shipment. Validate PO authorization/ship-to; initiate return or chargeback workflow.,98.0,101.42,98.0,98.0,101.42,0.0,0.0,0.0,1,0,RAW_MATERIAL,HIGH,0.213966,10,2,12
PO260117004025-L0002,PO260117004025,2,1218-1232-0002,MANUAL_REVIEW,UNAUTHORIZED_SHIP,UNAUTHORIZED_SHIP,Vendor,Flag unauthorized shipment. Validate PO authorization/ship-to; initiate return or chargeback workflow.,235.0,106.59,235.0,235.0,106.59,0.0,0.0,0.0,1,0,RAW_MATERIAL,HIGH,0.213966,10,2,12
PO260117004025-L0003,PO260117004025,3,6769-9506-0003,MANUAL_REVIEW,UNAUTHORIZED_SHIP,UNAUTHORIZED_SHIP,Vendor,Flag unauthorized shipment. Validate PO authorization/ship-to; initiate return or chargeback workflow.,28.0,58.05,28.0,28.0,58.05,0.0,0.0,0.0,0,0,RAW_MATERIAL,HIGH,0.213966,10,2,12
PO260117004025-L0004,PO260117004025,4,7561-8636-0004,MANUAL_REVIEW,UNAUTHORIZED_SHIP,UNAUTHORIZED_SHIP,Vendor,Flag unauthorized shipment. Validate PO authorization/ship-to; initiate return or chargeback workflow.,206.0,240.31,206.0,206.0,240.31,0.0,0.0,0.0,1,0,RAW_MATERIAL,HIGH,0.213966,10,2,12
PO260117004025-L0005,PO260117004025,5,8571-3474-0005,MANUAL_REVIEW,UNAUTHORIZED_SHIP,UNAUTHORIZED_SHIP,Vendor,Flag unauthorized shipment. Validate PO authorization/ship-to; initiate return or chargeback workflow.,34.0,232.53,34.0,34.0,232.53,0.0,0.0,0.0,1,0,RAW_MATERIAL,HIGH,0.213966,10,2,12
PO260117004025-L0006,PO260117004025,6,2128-3165-0006,MANUAL_REVIEW,UNAUTHORIZED_SHIP,UNAUTHORIZED_SHIP,Vendor,Flag unauthorized shipment. Validate PO authorization/ship-to; initiate return or chargeback workflow.,165.0,141.61,165.0,165.0,141.61,0.0,0.0,0.0,1,0,RAW_MATERIAL,HIGH,0.213966,10,2,12
PO260117004193-L0001,PO260117004193,1,8020-1400-0001,AUTO_APPROVE,MATCH,MATCH,None,No action required. Auto-close the 3-way match case.,40.0,232.36,40.0,40.0,232.36,0.0,0.0,0.0,1,0,PACKAGING,LOW,0.051971,6,3,9
PO260117004193-L0002,PO260117004193,2,7309-0935-0002,AUTO_APPROVE,MATCH,MATCH,None,No action required. Auto-close the 3-way match case.,212.0,142.24,212.0,212.0,142.24,0.0,0.0,0.0,1,0,PACKAGING,LOW,0.051971,6,3,9
PO260117004193-L0003,PO260117004193,3,6319-2301-0003,AUTO_APPROVE,MATCH,MATCH,None,No action required. Auto-close the 3-way match case.,163.0,146.66,163.0,163.0,146.66,0.0,0.0,0.0,1,0,PACKAGING,LOW,0.051971,6,3,9
PO260117004193-L0004,PO260117004193,4,1188-3437-0004,AUTO_APPROVE,MATCH,MATCH,None,No action required. Auto-close the 3-way match case.,168.0,75.02,168.0,168.0,75.02,0.0,0.0,0.0,1,0,PACKAGING,LOW,0.051971,6,3,9
PO260117004263-L0001,PO260117004263,1,1957-7936-0001,MANUAL_REVIEW,UOM_DISCREPANCY,UOM_DISCREPANCY,Procurement,"Normalize UOM using item master conversion. If mismatch persists, request corrected docs.",232.0,38.24,232.0,232.0,38.24,0.0,0.0,0.0,1,0,CAPEX,MEDIUM,0.094898,3,3,6
PO260117004263-L0002,PO260117004263,2,9050-4040-0002,MANUAL_REVIEW,UOM_DISCREPANCY,UOM_DISCREPANCY,Procurement,"Normalize UOM using item master conversion. If mismatch persists, request corrected docs.",43.0,136.04,43.0,43.0,136.04,0.0,0.0,0.0,1,0,CAPEX,MEDIUM,0.094898,3,3,6
PO260117004263-L0003,PO260117004263,3,1108-2628-0003,MANUAL_REVIEW,UOM_DISCREPANCY,UOM_DISCREPANCY,Procurement,"Normalize UOM using item master conversion. If mismatch persists, request corrected docs.",120.0,174.73,120.0,120.0,174.73,0.0,0.0,0.0,1,0,CAPEX,MEDIUM,0.094898,3,3,6
PO260117004263-L0004,PO260117004263,4,9152-4864-0004,MANUAL_REVIEW,UOM_DISCREPANCY,UOM_DISCREPANCY,Procurement,"Normalize UOM using item master conversion. If mismatch persists, request corrected docs.",96.0,107.89,96.0,96.0,107.89,0.0,0.0,0.0,1,0,CAPEX,MEDIUM,0.094898,3,3,6
PO260117004377-L0001,PO260117004377,1,6602-6921-0001,MANUAL_REVIEW,DUPLICATE_INVOICE,DUPLICATE_INVOICE,Finance,Detect duplicate invoice. Auto-hold duplicate and notify AP for review before payment.,142.0,15.55,142.0,284.0,15.55,142.0,1.0,0.0,1,1,PACKAGING,LOW,0.036734,4,2,6
PO260117004377-L0002,PO260117004377,2,5737-4799-0002,MANUAL_REVIEW,DUPLICATE_INVOICE,DUPLICATE_INVOICE,Finance,Detect duplicate invoice. Auto-hold duplicate and notify AP for review before payment.,212.0,124.7,212.0,424.0,124.7,212.0,1.0,0.0,1,1,PACKAGING,LOW,0.036734,4,2,6
PO260117004377-L0003,PO260117004377,3,6467-8254-0003,MANUAL_REVIEW,DUPLICATE_INVOICE,DUPLICATE_INVOICE,Finance,Detect duplicate invoice. Auto-hold duplicate and notify AP for review before payment.,224.0,127.84,224.0,448.0,127.84,224.0,1.0,0.0,1,1,PACKAGING,LOW,0.036734,4,2,6
PO260117004377-L0004,PO260117004377,4,4334-8065-0004,MANUAL_REVIEW,DUPLICATE_INVOICE,DUPLICATE_INVOICE,Finance,Detect duplicate invoice. Auto-hold duplicate and notify AP for review before payment.,85.0,50.1,85.0,170.0,50.33,85.0,1.0,0.0045908183632733905,1,1,PACKAGING,LOW,0.036734,4,2,6
PO260117004414-L0001,PO260117004414,1,7043-2273-0001,AUTO_APPROVE,MATCH,MATCH,None,No action required. Auto-close the 3-way match case.,144.0,178.26,144.0,144.0,178.26,0.0,0.0,0.0,1,0,CAPEX,MEDIUM,0.107168,2,5,7
PO260117004594-L0001,PO260117004594,1,2671-1359-0001,AUTO_APPROVE,MATCH,MATCH,None,No action required. Auto-close the 3-way match case.,55.0,224.2,55.0,55.0,224.2,0.0,0.0,0.0,1,0,CAPEX,MEDIUM,0.132425,8,3,11
PO260117004594-L0002,PO260117004594,2,1254-6996-0002,AUTO_APPROVE,MATCH,MATCH,None,No action required. Auto-close the 3-way match case.,3.0,171.73,3.0,3.0,171.73,0.0,0.0,0.0,1,0,CAPEX,MEDIUM,0.132425,8,3,11
PO260117004594-L0003,PO260117004594,3,2993-1445-0003,AUTO_APPROVE,MATCH,MATCH,None,No action required. Auto-close the 3-way match case.,223.0,32.53,223.0,223.0,32.53,0.0,0.0,0.0,1,0,CAPEX,MEDIUM,0.132425,8,3,11
PO260117004594-L0004,PO260117004594,4,8738-0292-0004,AUTO_APPROVE,MATCH,MATCH,None,No action required. Auto-close the 3-way match case.,185.0,143.32,185.0,185.0,143.32,0.0,0.0,0.0,1,0,CAPEX,MEDIUM,0.132425,8,3,11
PO260117004594-L0005,PO260117004594,5,8385-3071-0005,AUTO_APPROVE,MATCH,MATCH,None,No action required. Auto-close the 3-way match case.,94.0,194.07,94.0,94.0,194.07,0.0,0.0,0.0,1,0,CAPEX,MEDIUM,0.132425,8,3,11
PO260117004617-L0001,PO260117004617,1,8188-7698-0001,AUTO_APPROVE,MATCH,MATCH,None,No action required. Auto-close the 3-way match case.,38.0,241.67,38.0,38.0,241.67,0.0,0.0,0.0,1,0,SERVICES,LOW,0.044823,6,4,10
PO260117004617-L0002,PO260117004617,2,2912-5952-0002,AUTO_APPROVE,MATCH,MATCH,None,No action required. Auto-close the 3-way match case.,162.0,200.96,162.0,162.0,200.96,0.0,0.0,0.0,1,0,SERVICES,LOW,0.044823,6,4,10
PO260117004617-L0003,PO260117004617,3,8814-6320-0003,AUTO_APPROVE,MATCH,MATCH,None,No action required. Auto-close the 3-way match case.,242.0,69.82,242.0,242.0,69.82,0.0,0.0,0.0,1,0,SERVICES,LOW,0.044823,6,4,10
PO260117004617-L0004,PO260117004617,4,6470-4791-0004,AUTO_APPROVE,MATCH,MATCH,None,No action required. Auto-close the 3-way match case.,16.0,156.41,16.0,16.0,156.41,0.0,0.0,0.0,1,0,SERVICES,LOW,0.044823,6,4,10
PO260117004617-L0005,PO260117004617,5,6440-9926-0005,AUTO_APPROVE,MATCH,MATCH,None,No action required. Auto-close the 3-way match case.,213.0,39.9,213.0,213.0,39.9,0.0,0.0,0.0,1,0,SERVICES,LOW,0.044823,6,4,10
PO260117004617-L0006,PO260117004617,6,6056-9580-0006,AUTO_APPROVE,MATCH,MATCH,None,No action required. Auto-close the 3-way match case.,250.0,222.31,250.0,250.0,222.31,0.0,0.0,0.0,1,0,SERVICES,LOW,0.044823,6,4,10
PO260117004728-L0001,PO260117004728,1,9975-8192-0001,AUTO_APPROVE,PRICE_ERROR,PRICE_ERROR,Finance,Hold payment. Request corrected invoice or issue debit/credit memo based on contract price.,137.0,23.55,137.0,137.0,23.55,0.0,0.0,0.0,1,0,MRO,LOW,0.012302,10,1,11
PO260117004728-L0002,PO260117004728,2,8942-6255-0002,AUTO_APPROVE,PRICE_ERROR,PRICE_ERROR,Finance,Hold payment. Request corrected invoice or issue debit/credit memo based on contract price.,202.0,188.17,202.0,202.0,188.17,0.0,0.0,0.0,1,0,MRO,LOW,0.012302,10,1,11
PO260117004728-L0003,PO260117004728,3,4834-5071-0003,AUTO_APPROVE,PRICE_ERROR,PRICE_ERROR,Finance,Hold payment. Request corrected invoice or issue debit/credit memo based on contract price.,174.0,100.39,174.0,174.0,100.39,0.0,0.0,0.0,1,0,MRO,LOW,0.012302,10,1,11
PO260117004873-L0001,PO260117004873,1,8592-1340-0001,MANUAL_REVIEW,QTY_SHORT,QTY_SHORT,Logistics,"Flag as short shipment. Notify supplier, request backorder/credit, and update receiving reconciliation.",81.0,150.31,81.0,81.0,150.31,0.0,0.0,0.0,1,0,SERVICES,HIGH,0.183676,2,2,4
PO260117004873-L0002,PO260117004873,2,6651-4597-0002,MANUAL_REVIEW,QTY_SHORT,QTY_SHORT,Logistics,"Flag as short shipment. Notify supplier, request backorder/credit, and update receiving reconciliation.",25.0,10.81,25.0,25.0,10.81,0.0,0.0,0.0,1,0,SERVICES,HIGH,0.183676,2,2,4
PO260117004873-L0003,PO260117004873,3,8967-9613-0003,MANUAL_REVIEW,QTY_SHORT,QTY_SHORT,Logistics,"Flag as short shipment. Notify supplier, request backorder/credit, and update receiving reconciliation.",67.0,231.56,67.0,67.0,231.56,0.0,0.0,0.0,1,0,SERVICES,HIGH,0.183676,2,2,4
PO260117004873-L0004,PO260117004873,4,5584-6979-0004,MANUAL_REVIEW,QTY_SHORT,QTY_SHORT,Logistics,"Flag as short shipment. Notify supplier, request backorder/credit, and update receiving reconciliation.",243.0,113.1,243.0,243.0,113.1,0.0,0.0,0.0,1,0,SERVICES,HIGH,0.183676,2,2,4
PO260117004873-L0005,PO260117004873,5,3144-4162-0005,MANUAL_REVIEW,QTY_SHORT,QTY_SHORT,Logistics,"Flag as short shipment. Notify supplier, request backorder/credit, and update receiving reconciliation.",87.0,52.24,87.0,87.0,52.24,0.0,0.0,0.0,1,0,SERVICES,HIGH,0.183676,2,2,4
PO260117004873-L0006,PO260117004873,6,3961-6197-0006,MANUAL_REVIEW,QTY_SHORT,QTY_SHORT,Logistics,"Flag as short shipment. Notify supplier, request backorder/credit, and update receiving reconciliation.",8.0,15.12,7.0,7.0,15.12,-1.0,-0.125,0.0,1,0,SERVICES,HIGH,0.183676,2,2,4
PO260117004917-L0001,PO260117004917,1,5225-8411-0001,AUTO_APPROVE,MATCH,MATCH,None,No action required. Auto-close the 3-way match case.,15.0,27.51,15.0,15.0,27.51,0.0,0.0,0.0,1,0,PACKAGING,HIGH,0.338318,9,0,9
PO260117005096-L0001,PO260117005096,1,4196-0591-0001,AUTO_APPROVE,MATCH,MATCH,None,No action required. Auto-close the 3-way match case.,238.0,208.63,238.0,238.0,208.63,0.0,0.0,0.0,1,0,CAPEX,LOW,0.0,1,3,4
PO260117005096-L0002,PO260117005096,2,2274-6113-0002,AUTO_APPROVE,MATCH,MATCH,None,No action required. Auto-close the 3-way match case.,200.0,113.19,200.0,200.0,113.19,0.0,0.0,0.0,1,0,CAPEX,LOW,0.0,1,3,4
PO260117005096-L0003,PO260117005096,3,2589-6310-0003,AUTO_APPROVE,MATCH,MATCH,None,No action required. Auto-close the 3-way match case.,161.0,21.1,161.0,161.0,21.1,0.0,0.0,0.0,1,0,CAPEX,LOW,0.0,1,3,4
PO260117005096-L0004,PO260117005096,4,6566-5285-0004,AUTO_APPROVE,MATCH,MATCH,None,No action required. Auto-close the 3-way match case.,123.0,31.11,123.0,123.0,31.11,0.0,0.0,0.0,1,0,CAPEX,LOW,0.0,1,3,4
PO260117005096-L0005,PO260117005096,5,6997-2340-0005,AUTO_APPROVE,MATCH,MATCH,None,No action required. Auto-close the 3-way match case.,57.0,184.68,57.0,57.0,184.68,0.0,0.0,0.0,1,0,CAPEX,LOW,0.0,1,3,4
PO260117005096-L0006,PO260117005096,6,3953-7396-0006,AUTO_APPROVE,MATCH,MATCH,None,No action required. Auto-close the 3-way match case.,113.0,218.0,113.0,113.0,218.0,0.0,0.0,0.0,1,0,CAPEX,LOW,0.0,1,3,4
PO260117005135-L0001,PO260117005135,1,4901-1599-0001,MANUAL_REVIEW,PRICE_ERROR,PRICE_ERROR,Finance,Hold payment. Request corrected invoice or issue debit/credit memo based on contract price.,75.0,105.37,75.0,75.0,93.03,0.0,0.0,-0.1171111322008162,1,0,PACKAGING,LOW,0.043072,7,2,9
PO260117005135-L0002,PO260117005135,2,3657-0942-0002,AUTO_APPROVE,PRICE_ERROR,PRICE_ERROR,Finance,Hold payment. Request corrected invoice or issue debit/credit memo based on contract price.,37.0,244.71,37.0,37.0,244.71,0.0,0.0,0.0,1,0,PACKAGING,LOW,0.043072,7,2,9
PO260117005221-L0001,PO260117005221,1,5487-2873-0001,AUTO_APPROVE,MATCH,MATCH,None,No action required. Auto-close the 3-way match case.,36.0,154.08,36.0,36.0,154.08,0.0,0.0,0.0,1,0,RAW_MATERIAL,MEDIUM,0.085342,10,5,15
PO260117005221-L0002,PO260117005221,2,4148-9551-0002,AUTO_APPROVE,MATCH,MATCH,None,No action required. Auto-close the 3-way match case.,52.0,4.98,52.0,52.0,4.98,0.0,0.0,0.0,1,0,RAW_MATERIAL,MEDIUM,0.085342,10,5,15
PO260117005221-L0003,PO260117005221,3,9512-6687-0003,AUTO_APPROVE,MATCH,MATCH,None,No action required. Auto-close the 3-way match case.,133.0,203.14,133.0,133.0,203.14,0.0,0.0,0.0,1,0,RAW_MATERIAL,MEDIUM,0.085342,10,5,15
PO260117005221-L0004,PO260117005221,4,6492-4617-0004,AUTO_APPROVE,MATCH,MATCH,None,No action required. Auto-close the 3-way match case.,24.0,6.32,24.0,24.0,6.32,0.0,0.0,0.0,1,0,RAW_MATERIAL,MEDIUM,0.085342,10,5,15
PO260117005376-L0001,PO260117005376,1,5009-5259-0001,AUTO_APPROVE,MATCH,MATCH,None,No action required. Auto-close the 3-way match case.,148.0,188.45,148.0,148.0,188.41,0.0,0.0,-0.00021225789334036637,1,0,SERVICES,HIGH,0.206869,2,2,4
PO260117005376-L0002,PO260117005376,2,2002-4777-0002,AUTO_APPROVE,MATCH,MATCH,None,No action required. Auto-close the 3-way match case.,245.0,183.41,245.0,245.0,183.41,0.0,0.0,0.0,1,0,SERVICES,HIGH,0.206869,2,2,4
PO260117005376-L0003,PO260117005376,3,8314-8411-0003,AUTO_APPROVE,MATCH,MATCH,None,No action required. Auto-close the 3-way match case.,136.0,201.61,136.0,136.0,201.61,0.0,0.0,0.0,1,0,SERVICES,HIGH,0.206869,2,2,4
PO260117005376-L0004,PO260117005376,4,3201-0339-0004,AUTO_APPROVE,MATCH,MATCH,None,No action required. Auto-close the 3-way match case.,248.0,24.43,248.0,248.0,24.43,0.0,0.0,0.0,1,0,SERVICES,HIGH,0.206869,2,2,4
PO260117005376-L0005,PO260117005376,5,3988-2751-0005,AUTO_APPROVE,MATCH,MATCH,None,No action required. Auto-close the 3-way match case.,80.0,64.49,80.0,80.0,64.49,0.0,0.0,0.0,1,0,SERVICES,HIGH,0.206869,2,2,4
PO260117005376-L0006,PO260117005376,6,1492-0319-0006,AUTO_APPROVE,MATCH,MATCH,None,No action required. Auto-close the 3-way match case.,238.0,175.49,238.0,238.0,175.49,0.0,0.0,0.0,1,0,SERVICES,HIGH,0.206869,2,2,4
PO260117005469-L0001,PO260117005469,1,7369-6890-0001,AUTO_APPROVE,MATCH,MATCH,None,No action required. Auto-close the 3-way match case.,102.0,242.7,102.0,102.0,242.7,0.0,0.0,0.0,1,0,SERVICES,LOW,0.034276,7,1,8
PO260117005597-L0001,PO260117005597,1,1189-5971-0001,AUTO_APPROVE,MATCH,MATCH,None,No action required. Auto-close the 3-way match case.,136.0,48.91,136.0,136.0,48.91,0.0,0.0,0.0,1,0,SERVICES,LOW,0.059423,6,1,7
PO260117005597-L0002,PO260117005597,2,6314-7095-0002,AUTO_APPROVE,MATCH,MATCH,None,No action required. Auto-close the 3-way match case.,130.0,168.11,130.0,130.0,168.11,0.0,0.0,0.0,1,0,SERVICES,LOW,0.059423,6,1,7
PO260117005597-L0003,PO260117005597,3,4694-2285-0003,AUTO_APPROVE,MATCH,MATCH,None,No action required. Auto-close the 3-way match case.,249.0,100.77,249.0,249.0,100.69,0.0,0.0,-0.0007938870695643375,1,0,SERVICES,LOW,0.059423,6,1,7
PO260117005597-L0004,PO260117005597,4,8433-0767-0004,AUTO_APPROVE,MATCH,MATCH,None,No action required. Auto-close the 3-way match case.,9.0,216.74,9.0,9.0,216.74,0.0,0.0,0.0,1,0,SERVICES,LOW,0.059423,6,1,7
PO260117005662-L0001,PO260117005662,1,2439-8951-0001,AUTO_APPROVE,PRICE_ERROR,PRICE_ERROR,Finance,Hold payment. Request corrected invoice or issue debit/credit memo based on contract price.,215.0,114.9,215.0,215.0,114.9,0.0,0.0,0.0,1,0,RAW_MATERIAL,LOW,0.0,5,2,7
PO260117005662-L0002,PO260117005662,2,4630-6335-0002,MANUAL_REVIEW,PRICE_ERROR,PRICE_ERROR,Finance,Hold payment. Request corrected invoice or issue debit/credit memo based on contract price.,141.0,178.31,141.0,141.0,204.59,0.0,0.0,0.14738376983904436,1,0,RAW_MATERIAL,LOW,0.0,5,2,7
PO260117005772-L0001,PO260117005772,1,1932-0357-0001,MANUAL_REVIEW,UNAUTHORIZED_SHIP,UNAUTHORIZED_SHIP,Vendor,Flag unauthorized shipment. Validate PO authorization/ship-to; initiate return or chargeback workflow.,142.0,19.03,142.0,142.0,19.03,0.0,0.0,0.0,0,0,PACKAGING,MEDIUM,0.073923,5,1,6
PO260117005772-L0002,PO260117005772,2,6701-7209-0002,MANUAL_REVIEW,UNAUTHORIZED_SHIP,UNAUTHORIZED_SHIP,Vendor,Flag unauthorized shipment. Validate PO authorization/ship-to; initiate return or chargeback workflow.,133.0,98.5,133.0,133.0,98.5,0.0,0.0,0.0,1,0,PACKAGING,MEDIUM,0.073923,5,1,6
PO260117005772-L0003,PO260117005772,3,8207-5802-0003,MANUAL_REVIEW,UNAUTHORIZED_SHIP,UNAUTHORIZED_SHIP,Vendor,Flag unauthorized shipment. Validate PO authorization/ship-to; initiate return or chargeback workflow.,134.0,58.23,134.0,134.0,58.23,0.0,0.0,0.0,1,0,PACKAGING,MEDIUM,0.073923,5,1,6
PO260117005845-L0001,PO260117005845,1,7218-7411-0001,MANUAL_REVIEW,PRICE_ERROR,PRICE_ERROR,Finance,Hold payment. Request corrected invoice or issue debit/credit memo based on contract price.,74.0,181.46,74.0,74.0,209.42,0.0,0.0,0.15408354458282805,1,0,CAPEX,LOW,0.041376,10,4,14
PO260117005987-L0001,PO260117005987,1,7986-0176-0001,AUTO_APPROVE,MATCH,MATCH,None,No action required. Auto-close the 3-way match case.,13.0,66.0,13.0,13.0,66.0,0.0,0.0,0.0,1,0,PACKAGING,LOW,0.029494,4,2,6
PO260117005987-L0002,PO260117005987,2,9148-4913-0002,AUTO_APPROVE,MATCH,MATCH,None,No action required. Auto-close the 3-way match case.,138.0,155.95,138.0,138.0,155.95,0.0,0.0,0.0,1,0,PACKAGING,LOW,0.029494,4,2,6
PO260117006083-L0001,PO260117006083,1,7580-7212-0001,AUTO_APPROVE,PRICE_ERROR,PRICE_ERROR,Finance,Hold payment. Request corrected invoice or issue debit/credit memo based on contract price.,178.0,133.71,178.0,178.0,133.71,0.0,0.0,0.0,1,0,MRO,LOW,0.001078,4,3,7
PO260117006083-L0002,PO260117006083,2,2511-2798-0002,AUTO_APPROVE,PRICE_ERROR,PRICE_ERROR,Finance,Hold payment. Request corrected invoice or issue debit/credit memo based on contract price.,82.0,93.25,82.0,82.0,93.25,0.0,0.0,0.0,1,0,MRO,LOW,0.001078,4,3,7
PO260117006083-L0003,PO260117006083,3,2230-5090-0003,AUTO_APPROVE,PRICE_ERROR,PRICE_ERROR,Finance,Hold payment. Request corrected invoice or issue debit/credit memo based on contract price.,29.0,164.84,29.0,29.0,164.84,0.0,0.0,0.0,1,0,MRO,LOW,0.001078,4,3,7
PO260117006083-L0004,PO260117006083,4,5831-5626-0004,AUTO_APPROVE,PRICE_ERROR,PRICE_ERROR,Finance,Hold payment. Request corrected invoice or issue debit/credit memo based on contract price.,162.0,41.21,162.0,162.0,41.21,0.0,0.0,0.0,1,0,MRO,LOW,0.001078,4,3,7
PO260117006135-L0001,PO260117006135,1,5358-8708-0001,AUTO_APPROVE,MATCH,MATCH,None,No action required. Auto-close the 3-way match case.,148.0,51.64,148.0,148.0,51.64,0.0,0.0,0.0,1,0,MRO,MEDIUM,0.07967,8,4,12
PO260117006135-L0002,PO260117006135,2,2990-2382-0002,AUTO_APPROVE,MATCH,MATCH,None,No action required. Auto-close the 3-way match case.,133.0,190.48,133.0,133.0,190.48,0.0,0.0,0.0,1,0,MRO,MEDIUM,0.07967,8,4,12
PO260117006135-L0003,PO260117006135,3,2747-0476-0003,AUTO_APPROVE,MATCH,MATCH,None,No action required. Auto-close the 3-way match case.,20.0,44.71,20.0,20.0,44.71,0.0,0.0,0.0,1,0,MRO,MEDIUM,0.07967,8,4,12
PO260117006135-L0004,PO260117006135,4,9560-8036-0004,AUTO_APPROVE,MATCH,MATCH,None,No action required. Auto-close the 3-way match case.,157.0,109.08,157.0,157.0,109.08,0.0,0.0,0.0,1,0,MRO,MEDIUM,0.07967,8,4,12
PO260117006135-L0005,PO260117006135,5,2017-0205-0005,AUTO_APPROVE,MATCH,MATCH,None,No action required. Auto-close the 3-way match case.,37.0,179.58,37.0,37.0,179.58,0.0,0.0,0.0,1,0,MRO,MEDIUM,0.07967,8,4,12
PO260117006296-L0001,PO260117006296,1,6065-6531-0001,MANUAL_REVIEW,PRICE_ERROR,PRICE_ERROR,Finance,Hold payment. Request corrected invoice or issue debit/credit memo based on contract price.,6.0,198.71,6.0,6.0,197.59,0.0,0.0,-0.005636354486437544,1,0,CAPEX,HIGH,0.275944,10,1,11
PO260117006296-L0002,PO260117006296,2,4987-1434-0002,MANUAL_REVIEW,PRICE_ERROR,PRICE_ERROR,Finance,Hold payment. Request corrected invoice or issue debit/credit memo based on contract price.,44.0,91.2,44.0,44.0,91.2,0.0,0.0,0.0,1,0,CAPEX,HIGH,0.275944,10,1,11
PO260117006296-L0003,PO260117006296,3,4056-0126-0003,MANUAL_REVIEW,PRICE_ERROR,PRICE_ERROR,Finance,Hold payment. Request corrected invoice or issue debit/credit memo based on contract price.,102.0,141.48,102.0,102.0,141.48,0.0,0.0,0.0,1,0,CAPEX,HIGH,0.275944,10,1,11
PO260117006296-L0004,PO260117006296,4,2882-5489-0004,MANUAL_REVIEW,PRICE_ERROR,PRICE_ERROR,Finance,Hold payment. Request corrected invoice or issue debit/credit memo based on contract price.,86.0,102.29,86.0,86.0,102.29,0.0,0.0,0.0,1,0,CAPEX,HIGH,0.275944,10,1,11
PO260117006340-L0001,PO260117006340,1,7638-6176-0001,MANUAL_REVIEW,PRICE_ERROR,PRICE_ERROR,Finance,Hold payment. Request corrected invoice or issue debit/credit memo based on contract price.,77.0,237.86,77.0,77.0,213.87,0.0,0.0,-0.10085764735558735,1,0,CAPEX,MEDIUM,0.104765,6,2,8
PO260117006340-L0002,PO260117006340,2,9271-3350-0002,MANUAL_REVIEW,PRICE_ERROR,PRICE_ERROR,Finance,Hold payment. Request corrected invoice or issue debit/credit memo based on contract price.,220.0,114.54,220.0,220.0,114.54,0.0,0.0,0.0,1,0,CAPEX,MEDIUM,0.104765,6,2,8
PO260117006411-L0001,PO260117006411,1,4793-5260-0001,MANUAL_REVIEW,UOM_DISCREPANCY,UOM_DISCREPANCY,Procurement,"Normalize UOM using item master conversion. If mismatch persists, request corrected docs.",170.0,223.1,170.0,170.0,223.1,0.0,0.0,0.0,1,0,CAPEX,LOW,0.027779,2,5,7
PO260117006411-L0002,PO260117006411,2,2115-9208-0002,MANUAL_REVIEW,UOM_DISCREPANCY,UOM_DISCREPANCY,Procurement,"Normalize UOM using item master conversion. If mismatch persists, request corrected docs.",207.0,126.34,207.0,207.0,126.34,0.0,0.0,0.0,1,0,CAPEX,LOW,0.027779,2,5,7
PO260117006599-L0001,PO260117006599,1,2600-2977-0001,AUTO_APPROVE,TAX_MISMATCH,TAX_MISMATCH,Finance,Validate tax jurisdiction and taxable status. Request corrected invoice or adjust tax posting.,30.0,69.54,30.0,30.0,69.54,0.0,0.0,0.0,1,0,CAPEX,LOW,0.019025,4,3,7
PO260117006599-L0002,PO260117006599,2,4591-0663-0002,MANUAL_REVIEW,TAX_MISMATCH,TAX_MISMATCH,Finance,Validate tax jurisdiction and taxable status. Request corrected invoice or adjust tax posting.,11.0,153.11,11.0,11.0,153.11,0.0,0.0,0.0,1,0,CAPEX,LOW,0.019025,4,3,7
PO260117006599-L0003,PO260117006599,3,8056-3246-0003,MANUAL_REVIEW,TAX_MISMATCH,TAX_MISMATCH,Finance,Validate tax jurisdiction and taxable status. Request corrected invoice or adjust tax posting.,40.0,96.73,40.0,40.0,96.73,0.0,0.0,0.0,1,0,CAPEX,LOW,0.019025,4,3,7
PO260117006641-L0001,PO260117006641,1,4442-5664-0001,AUTO_APPROVE,MATCH,MATCH,None,No action required. Auto-close the 3-way match case.,107.0,174.43,107.0,107.0,174.43,0.0,0.0,0.0,1,0,MRO,HIGH,0.087062,2,0,2
PO260117006641-L0002,PO260117006641,2,7449-3618-0002,AUTO_APPROVE,MATCH,MATCH,None,No action required. Auto-close the 3-way match case.,135.0,24.76,135.0,135.0,24.76,0.0,0.0,0.0,1,0,MRO,HIGH,0.087062,2,0,2
PO260117006641-L0003,PO260117006641,3,7946-7251-0003,AUTO_APPROVE,MATCH,MATCH,None,No action required. Auto-close the 3-way match case.,178.0,127.01,178.0,178.0,127.01,0.0,0.0,0.0,1,0,MRO,HIGH,0.087062,2,0,2
PO260117006779-L0001,PO260117006779,1,5090-0973-0001,AUTO_APPROVE,MATCH,MATCH,None,No action required. Auto-close the 3-way match case.,92.0,88.44,92.0,92.0,88.44,0.0,0.0,0.0,1,0,SERVICES,LOW,0.014268,4,4,8
PO260117006779-L0002,PO260117006779,2,2516-3300-0002,AUTO_APPROVE,MATCH,MATCH,None,No action required. Auto-close the 3-way match case.,36.0,36.3,36.0,36.0,36.3,0.0,0.0,0.0,1,0,SERVICES,LOW,0.014268,4,4,8
PO260117006779-L0003,PO260117006779,3,8969-7910-0003,AUTO_APPROVE,MATCH,MATCH,None,No action required. Auto-close the 3-way match case.,181.0,62.32,181.0,181.0,62.32,0.0,0.0,0.0,1,0,SERVICES,LOW,0.014268,4,4,8
PO260117006898-L0001,PO260117006898,1,4382-0712-0001,AUTO_APPROVE,PRICE_ERROR,PRICE_ERROR,Finance,Hold payment. Request corrected invoice or issue debit/credit memo based on contract price.,230.0,72.02,230.0,230.0,72.02,0.0,0.0,0.0,1,0,CAPEX,MEDIUM,0.057404,1,2,3
PO260117006898-L0002,PO260117006898,2,4229-1812-0002,AUTO_APPROVE,PRICE_ERROR,PRICE_ERROR,Finance,Hold payment. Request corrected invoice or issue debit/credit memo based on contract price.,115.0,240.81,115.0,115.0,240.81,0.0,0.0,0.0,1,0,CAPEX,MEDIUM,0.057404,1,2,3
PO260117006898-L0003,PO260117006898,3,3643-5317-0003,MANUAL_REVIEW,PRICE_ERROR,PRICE_ERROR,Finance,Hold payment. Request corrected invoice or issue debit/credit memo based on contract price.,120.0,143.37,120.0,120.0,147.38,0.0,0.0,0.02796958917486218,1,0,CAPEX,MEDIUM,0.057404,1,2,3
PO260117006898-L0004,PO260117006898,4,5743-2755-0004,AUTO_APPROVE,PRICE_ERROR,PRICE_ERROR,Finance,Hold payment. Request corrected invoice or issue debit/credit memo based on contract price.,12.0,5.18,12.0,12.0,5.18,0.0,0.0,0.0,1,0,CAPEX,MEDIUM,0.057404,1,2,3
PO260117006920-L0001,PO260117006920,1,3377-4855-0001,AUTO_APPROVE,TAX_MISMATCH,TAX_MISMATCH,Finance,Validate tax jurisdiction and taxable status. Request corrected invoice or adjust tax posting.,48.0,240.6,48.0,48.0,240.6,0.0,0.0,0.0,1,0,PACKAGING,MEDIUM,0.095129,1,0,1
PO260117006920-L0002,PO260117006920,2,9608-2761-0002,AUTO_APPROVE,TAX_MISMATCH,TAX_MISMATCH,Finance,Validate tax jurisdiction and taxable status. Request corrected invoice or adjust tax posting.,201.0,180.42,201.0,201.0,180.42,0.0,0.0,0.0,1,0,PACKAGING,MEDIUM,0.095129,1,0,1
PO260117006920-L0003,PO260117006920,3,6084-5353-0003,AUTO_APPROVE,TAX_MISMATCH,TAX_MISMATCH,Finance,Validate tax jurisdiction and taxable status. Request corrected invoice or adjust tax posting.,48.0,162.71,48.0,48.0,162.71,0.0,0.0,0.0,1,0,PACKAGING,MEDIUM,0.095129,1,0,1
PO260117006920-L0004,PO260117006920,4,6836-5246-0004,MANUAL_REVIEW,TAX_MISMATCH,TAX_MISMATCH,Finance,Validate tax jurisdiction and taxable status. Request corrected invoice or adjust tax posting.,95.0,36.24,95.0,95.0,36.24,0.0,0.0,0.0,1,0,PACKAGING,MEDIUM,0.095129,1,0,1
PO260117007088-L0001,PO260117007088,1,5640-1180-0001,MANUAL_REVIEW,DUPLICATE_INVOICE,DUPLICATE_INVOICE,Finance,Detect duplicate invoice. Auto-hold duplicate and notify AP for review before payment.,132.0,178.42,132.0,264.0,178.42,132.0,1.0,0.0,1,1,CAPEX,LOW,0.029747,9,3,12
PO260117007088-L0002,PO260117007088,2,6548-1028-0002,MANUAL_REVIEW,DUPLICATE_INVOICE,DUPLICATE_INVOICE,Finance,Detect duplicate invoice. Auto-hold duplicate and notify AP for review before payment.,3.0,167.36,3.0,6.0,167.36,3.0,1.0,0.0,1,1,CAPEX,LOW,0.029747,9,3,12
PO260117007148-L0001,PO260117007148,1,8876-2243-0001,AUTO_APPROVE,MATCH,MATCH,None,No action required. Auto-close the 3-way match case.,222.0,87.49,222.0,222.0,87.49,0.0,0.0,0.0,1,0,PACKAGING,MEDIUM,0.077047,10,3,13
PO260117007148-L0002,PO260117007148,2,1456-3095-0002,AUTO_APPROVE,MATCH,MATCH,None,No action required. Auto-close the 3-way match case.,174.0,185.58,174.0,174.0,185.58,0.0,0.0,0.0,1,0,PACKAGING,MEDIUM,0.077047,10,3,13
PO260117007148-L0003,PO260117007148,3,2396-2408-0003,AUTO_APPROVE,MATCH,MATCH,None,No action required. Auto-close the 3-way match case.,143.0,146.24,143.0,143.0,146.24,0.0,0.0,0.0,1,0,PACKAGING,MEDIUM,0.077047,10,3,13
PO260117007275-L0001,PO260117007275,1,7685-1204-0001,AUTO_APPROVE,PRICE_ERROR,PRICE_ERROR,Finance,Hold payment. Request corrected invoice or issue debit/credit memo based on contract price.,35.0,216.21,35.0,35.0,208.24,0.0,0.0,-0.0368623097914065,1,0,SERVICES,LOW,0.000136,10,4,14
PO260117007368-L0001,PO260117007368,1,7979-1437-0001,AUTO_APPROVE,MATCH,MATCH,None,No action required. Auto-close the 3-way match case.,145.0,30.89,145.0,145.0,30.89,0.0,0.0,0.0,1,0,SERVICES,HIGH,0.152302,2,5,7
PO260117007368-L0002,PO260117007368,2,6810-2753-0002,AUTO_APPROVE,MATCH,MATCH,None,No action required. Auto-close the 3-way match case.,191.0,210.76,191.0,191.0,210.76,0.0,0.0,0.0,1,0,SERVICES,HIGH,0.152302,2,5,7
PO260117007496-L0001,PO260117007496,1,8319-0349-0001,AUTO_APPROVE,QTY_SHORT,QTY_SHORT,Logistics,"Flag as short shipment. Notify supplier, request backorder/credit, and update receiving reconciliation.",30.0,198.32,30.0,30.0,198.32,0.0,0.0,0.0,1,0,PACKAGING,LOW,0.033202,5,2,7
PO260117007496-L0002,PO260117007496,2,8996-1810-0002,AUTO_APPROVE,QTY_SHORT,QTY_SHORT,Logistics,"Flag as short shipment. Notify supplier, request backorder/credit, and update receiving reconciliation.",205.0,66.46,186.0,205.0,66.46,0.0,0.0,0.0,1,0,PACKAGING,LOW,0.033202,5,2,7
PO260117007592-L0001,PO260117007592,1,3593-7350-0001,AUTO_APPROVE,MATCH,MATCH,None,No action required. Auto-close the 3-way match case.,59.0,218.57,59.0,59.0,218.57,0.0,0.0,0.0,1,0,RAW_MATERIAL,MEDIUM,0.061491,10,3,13
PO260117007592-L0002,PO260117007592,2,9470-1244-0002,AUTO_APPROVE,MATCH,MATCH,None,No action required. Auto-close the 3-way match case.,85.0,133.24,85.0,85.0,133.24,0.0,0.0,0.0,1,0,RAW_MATERIAL,MEDIUM,0.061491,10,3,13
PO260117007592-L0003,PO260117007592,3,6099-2146-0003,AUTO_APPROVE,MATCH,MATCH,None,No action required. Auto-close the 3-way match case.,55.0,44.51,55.0,55.0,44.51,0.0,0.0,0.0,1,0,RAW_MATERIAL,MEDIUM,0.061491,10,3,13
PO260117007592-L0004,PO260117007592,4,6914-7664-0004,AUTO_APPROVE,MATCH,MATCH,None,No action required. Auto-close the 3-way match case.,148.0,118.43,148.0,148.0,118.43,0.0,0.0,0.0,1,0,RAW_MATERIAL,MEDIUM,0.061491,10,3,13
PO260117007622-L0001,PO260117007622,1,2621-5946-0001,MANUAL_REVIEW,PRICE_ERROR,PRICE_ERROR,Finance,Hold payment. Request corrected invoice or issue debit/credit memo based on contract price.,204.0,199.34,204.0,204.0,199.34,0.0,0.0,0.0,1,0,RAW_MATERIAL,HIGH,0.267721,4,3,7
PO260117007622-L0002,PO260117007622,2,3312-1181-0002,MANUAL_REVIEW,PRICE_ERROR,PRICE_ERROR,Finance,Hold payment. Request corrected invoice or issue debit/credit memo based on contract price.,247.0,191.42,247.0,247.0,191.42,0.0,0.0,0.0,1,0,RAW_MATERIAL,HIGH,0.267721,4,3,7
PO260117007622-L0003,PO260117007622,3,6941-8338-0003,MANUAL_REVIEW,PRICE_ERROR,PRICE_ERROR,Finance,Hold payment. Request corrected invoice or issue debit/credit memo based on contract price.,90.0,218.53,90.0,90.0,231.11,0.0,0.0,0.05756646684665727,1,0,RAW_MATERIAL,HIGH,0.267721,4,3,7
PO260117007622-L0004,PO260117007622,4,7651-5480-0004,MANUAL_REVIEW,PRICE_ERROR,PRICE_ERROR,Finance,Hold payment. Request corrected invoice or issue debit/credit memo based on contract price.,181.0,85.96,181.0,181.0,85.96,0.0,0.0,0.0,1,0,RAW_MATERIAL,HIGH,0.267721,4,3,7
PO260117007622-L0005,PO260117007622,5,6295-7889-0005,MANUAL_REVIEW,PRICE_ERROR,PRICE_ERROR,Finance,Hold payment. Request corrected invoice or issue debit/credit memo based on contract price.,229.0,62.75,229.0,229.0,62.75,0.0,0.0,0.0,1,0,RAW_MATERIAL,HIGH,0.267721,4,3,7
PO260117007622-L0006,PO260117007622,6,4847-5722-0006,MANUAL_REVIEW,PRICE_ERROR,PRICE_ERROR,Finance,Hold payment. Request corrected invoice or issue debit/credit memo based on contract price.,35.0,53.33,35.0,35.0,53.33,0.0,0.0,0.0,1,0,RAW_MATERIAL,HIGH,0.267721,4,3,7
PO260117007718-L0001,PO260117007718,1,5519-4220-0001,AUTO_APPROVE,QTY_SHORT,QTY_SHORT,Logistics,"Flag as short shipment. Notify supplier, request backorder/credit, and update receiving reconciliation.",195.0,43.23,195.0,195.0,43.23,0.0,0.0,0.0,1,0,CAPEX,MEDIUM,0.090911,8,2,10
PO260117007718-L0002,PO260117007718,2,5391-3882-0002,AUTO_APPROVE,QTY_SHORT,QTY_SHORT,Logistics,"Flag as short shipment. Notify supplier, request backorder/credit, and update receiving reconciliation.",56.0,14.3,56.0,56.0,14.3,0.0,0.0,0.0,1,0,CAPEX,MEDIUM,0.090911,8,2,10
PO260117007872-L0001,PO260117007872,1,3859-0942-0001,MANUAL_REVIEW,UNAUTHORIZED_SHIP,UNAUTHORIZED_SHIP,Vendor,Flag unauthorized shipment. Validate PO authorization/ship-to; initiate return or chargeback workflow.,204.0,13.75,204.0,204.0,13.75,0.0,0.0,0.0,1,0,RAW_MATERIAL,LOW,0.033159,10,5,15
PO260117007872-L0002,PO260117007872,2,6480-8100-0002,MANUAL_REVIEW,UNAUTHORIZED_SHIP,UNAUTHORIZED_SHIP,Vendor,Flag unauthorized shipment. Validate PO authorization/ship-to; initiate return or chargeback workflow.,66.0,235.21,66.0,66.0,235.21,0.0,0.0,0.0,1,0,RAW_MATERIAL,LOW,0.033159,10,5,15
PO260117007872-L0003,PO260117007872,3,1222-0422-0003,MANUAL_REVIEW,UNAUTHORIZED_SHIP,UNAUTHORIZED_SHIP,Vendor,Flag unauthorized shipment. Validate PO authorization/ship-to; initiate return or chargeback workflow.,145.0,164.39,145.0,145.0,164.39,0.0,0.0,0.0,0,0,RAW_MATERIAL,LOW,0.033159,10,5,15
PO260117007943-L0001,PO260117007943,1,6066-9003-0001,AUTO_APPROVE,PRICE_ERROR,PRICE_ERROR,Finance,Hold payment. Request corrected invoice or issue debit/credit memo based on contract price.,144.0,71.37,144.0,144.0,71.37,0.0,0.0,0.0,1,0,RAW_MATERIAL,MEDIUM,0.073076,8,0,8
PO260117007943-L0002,PO260117007943,2,9574-8678-0002,AUTO_APPROVE,PRICE_ERROR,PRICE_ERROR,Finance,Hold payment. Request corrected invoice or issue debit/credit memo based on contract price.,34.0,65.1,34.0,34.0,65.1,0.0,0.0,0.0,1,0,RAW_MATERIAL,MEDIUM,0.073076,8,0,8
PO260117007943-L0003,PO260117007943,3,8794-1635-0003,AUTO_APPROVE,PRICE_ERROR,PRICE_ERROR,Finance,Hold payment. Request corrected invoice or issue debit/credit memo based on contract price.,39.0,247.41,39.0,39.0,247.41,0.0,0.0,0.0,1,0,RAW_MATERIAL,MEDIUM,0.073076,8,0,8
PO260117007943-L0004,PO260117007943,4,4738-6568-0004,AUTO_APPROVE,PRICE_ERROR,PRICE_ERROR,Finance,Hold payment. Request corrected invoice or issue debit/credit memo based on contract price.,240.0,9.42,240.0,240.0,9.42,0.0,0.0,0.0,1,0,RAW_MATERIAL,MEDIUM,0.073076,8,0,8
PO260117007943-L0005,PO260117007943,5,3197-2003-0005,AUTO_APPROVE,PRICE_ERROR,PRICE_ERROR,Finance,Hold payment. Request corrected invoice or issue debit/credit memo based on contract price.,140.0,126.71,140.0,140.0,126.71,0.0,0.0,0.0,1,0,RAW_MATERIAL,MEDIUM,0.073076,8,0,8
PO260117007943-L0006,PO260117007943,6,3978-4246-0006,MANUAL_REVIEW,PRICE_ERROR,PRICE_ERROR,Finance,Hold payment. Request corrected invoice or issue debit/credit memo based on contract price.,189.0,39.46,189.0,189.0,48.66,0.0,0.0,0.23314749113025837,1,0,RAW_MATERIAL,MEDIUM,0.073076,8,0,8
PO260117008092-L0001,PO260117008092,1,1982-3738-0001,AUTO_APPROVE,MATCH,MATCH,None,No action required. Auto-close the 3-way match case.,105.0,226.99,105.0,105.0,226.99,0.0,0.0,0.0,1,0,MRO,LOW,0.029233,7,5,12
PO260117008092-L0002,PO260117008092,2,7153-3672-0002,AUTO_APPROVE,MATCH,MATCH,None,No action required. Auto-close the 3-way match case.,65.0,7.64,65.0,65.0,7.64,0.0,0.0,0.0,1,0,MRO,LOW,0.029233,7,5,12
PO260117008092-L0003,PO260117008092,3,8107-3963-0003,AUTO_APPROVE,MATCH,MATCH,None,No action required. Auto-close the 3-way match case.,91.0,52.79,91.0,91.0,52.79,0.0,0.0,0.0,1,0,MRO,LOW,0.029233,7,5,12
PO260117008136-L0001,PO260117008136,1,3986-7124-0001,MANUAL_REVIEW,UNAUTHORIZED_SHIP,UNAUTHORIZED_SHIP,Vendor,Flag unauthorized shipment. Validate PO authorization/ship-to; initiate return or chargeback workflow.,240.0,76.16,240.0,240.0,76.16,0.0,0.0,0.0,1,0,RAW_MATERIAL,MEDIUM,0.065364,6,0,6
PO260117008136-L0002,PO260117008136,2,1400-1828-0002,MANUAL_REVIEW,UNAUTHORIZED_SHIP,UNAUTHORIZED_SHIP,Vendor,Flag unauthorized shipment. Validate PO authorization/ship-to; initiate return or chargeback workflow.,250.0,228.39,250.0,250.0,228.39,0.0,0.0,0.0,1,0,RAW_MATERIAL,MEDIUM,0.065364,6,0,6
PO260117008136-L0003,PO260117008136,3,3185-4960-0003,MANUAL_REVIEW,UNAUTHORIZED_SHIP,UNAUTHORIZED_SHIP,Vendor,Flag unauthorized shipment. Validate PO authorization/ship-to; initiate return or chargeback workflow.,129.0,184.66,129.0,129.0,184.66,0.0,0.0,0.0,1,0,RAW_MATERIAL,MEDIUM,0.065364,6,0,6
PO260117008136-L0004,PO260117008136,4,2598-2765-0004,MANUAL_REVIEW,UNAUTHORIZED_SHIP,UNAUTHORIZED_SHIP,Vendor,Flag unauthorized shipment. Validate PO authorization/ship-to; initiate return or chargeback workflow.,175.0,100.8,175.0,175.0,100.8,0.0,0.0,0.0,0,0,RAW_MATERIAL,MEDIUM,0.065364,6,0,6
PO260117008227-L0001,PO260117008227,1,4668-8855-0001,AUTO_APPROVE,MATCH,MATCH,None,No action required. Auto-close the 3-way match case.,163.0,185.21,163.0,163.0,185.21,0.0,0.0,0.0,1,0,PACKAGING,LOW,0.068612,7,0,7
PO260117008227-L0002,PO260117008227,2,9203-1841-0002,AUTO_APPROVE,MATCH,MATCH,None,No action required. Auto-close the 3-way match case.,215.0,125.33,215.0,215.0,125.33,0.0,0.0,0.0,1,0,PACKAGING,LOW,0.068612,7,0,7
PO260117008344-L0001,PO260117008344,1,7867-6275-0001,MANUAL_REVIEW,PRICE_ERROR,PRICE_ERROR,Finance,Hold payment. Request corrected invoice or issue debit/credit memo based on contract price.,100.0,190.84,100.0,100.0,190.84,0.0,0.0,0.0,1,0,CAPEX,HIGH,0.292298,7,2,9
PO260117008344-L0002,PO260117008344,2,7716-2344-0002,MANUAL_REVIEW,PRICE_ERROR,PRICE_ERROR,Finance,Hold payment. Request corrected invoice or issue debit/credit memo based on contract price.,62.0,152.94,62.0,62.0,152.94,0.0,0.0,0.0,1,0,CAPEX,HIGH,0.292298,7,2,9
PO260117008344-L0003,PO260117008344,3,5172-6177-0003,MANUAL_REVIEW,PRICE_ERROR,PRICE_ERROR,Finance,Hold payment. Request corrected invoice or issue debit/credit memo based on contract price.,212.0,51.61,212.0,212.0,51.61,0.0,0.0,0.0,1,0,CAPEX,HIGH,0.292298,7,2,9
PO260117008344-L0004,PO260117008344,4,2903-1423-0004,MANUAL_REVIEW,PRICE_ERROR,PRICE_ERROR,Finance,Hold payment. Request corrected invoice or issue debit/credit memo based on contract price.,233.0,179.81,233.0,233.0,183.54,0.0,0.0,0.020744118792058227,1,0,CAPEX,HIGH,0.292298,7,2,9
PO260117008344-L0005,PO260117008344,5,7648-9151-0005,MANUAL_REVIEW,PRICE_ERROR,PRICE_ERROR,Finance,Hold payment. Request corrected invoice or issue debit/credit memo based on contract price.,176.0,162.44,176.0,176.0,162.44,0.0,0.0,0.0,1,0,CAPEX,HIGH,0.292298,7,2,9
PO260117008443-L0001,PO260117008443,1,9553-9659-0001,AUTO_APPROVE,MATCH,MATCH,None,No action required. Auto-close the 3-way match case.,147.0,57.25,147.0,147.0,57.25,0.0,0.0,0.0,1,0,SERVICES,MEDIUM,0.140484,8,5,13
PO260117008443-L0002,PO260117008443,2,3327-1079-0002,AUTO_APPROVE,MATCH,MATCH,None,No action required. Auto-close the 3-way match case.,135.0,53.2,135.0,135.0,53.2,0.0,0.0,0.0,1,0,SERVICES,MEDIUM,0.140484,8,5,13
PO260117008443-L0003,PO260117008443,3,3771-5994-0003,AUTO_APPROVE,MATCH,MATCH,None,No action required. Auto-close the 3-way match case.,173.0,45.16,173.0,173.0,45.16,0.0,0.0,0.0,1,0,SERVICES,MEDIUM,0.140484,8,5,13
PO260117008576-L0001,PO260117008576,1,2441-4506-0001,AUTO_APPROVE,MATCH,MATCH,None,No action required. Auto-close the 3-way match case.,75.0,249.25,75.0,75.0,249.25,0.0,0.0,0.0,1,0,PACKAGING,MEDIUM,0.048677,5,3,8
PO260117008576-L0002,PO260117008576,2,2831-7362-0002,AUTO_APPROVE,MATCH,MATCH,None,No action required. Auto-close the 3-way match case.,188.0,200.07,188.0,188.0,200.07,0.0,0.0,0.0,1,0,PACKAGING,MEDIUM,0.048677,5,3,8
PO260117008576-L0003,PO260117008576,3,9476-2456-0003,AUTO_APPROVE,MATCH,MATCH,None,No action required. Auto-close the 3-way match case.,175.0,34.8,175.0,175.0,34.8,0.0,0.0,0.0,1,0,PACKAGING,MEDIUM,0.048677,5,3,8
PO260117008576-L0004,PO260117008576,4,9008-8532-0004,AUTO_APPROVE,MATCH,MATCH,None,No action required. Auto-close the 3-way match case.,160.0,94.27,160.0,160.0,94.27,0.0,0.0,0.0,1,0,PACKAGING,MEDIUM,0.048677,5,3,8
PO260117008576-L0005,PO260117008576,5,6572-6245-0005,AUTO_APPROVE,MATCH,MATCH,None,No action required. Auto-close the 3-way match case.,5.0,140.16,5.0,5.0,140.16,0.0,0.0,0.0,1,0,PACKAGING,MEDIUM,0.048677,5,3,8
PO260117008576-L0006,PO260117008576,6,1013-9348-0006,AUTO_APPROVE,MATCH,MATCH,None,No action required. Auto-close the 3-way match case.,15.0,148.67,15.0,15.0,148.67,0.0,0.0,0.0,1,0,PACKAGING,MEDIUM,0.048677,5,3,8
PO260117008692-L0001,PO260117008692,1,7313-9482-0001,AUTO_APPROVE,QTY_SHORT,QTY_SHORT,Logistics,"Flag as short shipment. Notify supplier, request backorder/credit, and update receiving reconciliation.",237.0,155.59,237.0,237.0,155.59,0.0,0.0,0.0,1,0,MRO,MEDIUM,0.068513,5,2,7
PO260117008692-L0002,PO260117008692,2,7100-1039-0002,AUTO_APPROVE,QTY_SHORT,QTY_SHORT,Logistics,"Flag as short shipment. Notify supplier, request backorder/credit, and update receiving reconciliation.",85.0,215.39,80.0,85.0,215.39,0.0,0.0,0.0,1,0,MRO,MEDIUM,0.068513,5,2,7
PO260117008772-L0001,PO260117008772,1,4807-3281-0001,AUTO_APPROVE,MATCH,MATCH,None,No action required. Auto-close the 3-way match case.,139.0,12.55,139.0,139.0,12.55,0.0,0.0,0.0,1,0,MRO,LOW,0.049655,9,0,9
PO260117008772-L0002,PO260117008772,2,5816-9075-0002,AUTO_APPROVE,MATCH,MATCH,None,No action required. Auto-close the 3-way match case.,197.0,98.4,197.0,197.0,98.4,0.0,0.0,0.0,1,0,MRO,LOW,0.049655,9,0,9
PO260117008772-L0003,PO260117008772,3,8534-1936-0003,AUTO_APPROVE,MATCH,MATCH,None,No action required. Auto-close the 3-way match case.,57.0,212.35,57.0,57.0,212.35,0.0,0.0,0.0,1,0,MRO,LOW,0.049655,9,0,9
PO260117008772-L0004,PO260117008772,4,1253-1667-0004,AUTO_APPROVE,MATCH,MATCH,None,No action required. Auto-close the 3-way match case.,23.0,212.42,23.0,23.0,212.42,0.0,0.0,0.0,1,0,MRO,LOW,0.049655,9,0,9
PO260117008772-L0005,PO260117008772,5,4532-9248-0005,AUTO_APPROVE,MATCH,MATCH,None,No action required. Auto-close the 3-way match case.,15.0,206.44,15.0,15.0,206.44,0.0,0.0,0.0,1,0,MRO,LOW,0.049655,9,0,9
PO260117008772-L0006,PO260117008772,6,4274-5499-0006,AUTO_APPROVE,MATCH,MATCH,None,No action required. Auto-close the 3-way match case.,221.0,16.06,221.0,221.0,16.06,0.0,0.0,0.0,1,0,MRO,LOW,0.049655,9,0,9
PO260117008842-L0001,PO260117008842,1,9371-6885-0001,AUTO_APPROVE,MATCH,MATCH,None,No action required. Auto-close the 3-way match case.,79.0,77.86,79.0,79.0,77.86,0.0,0.0,0.0,1,0,SERVICES,LOW,0.028657,5,4,9
PO260117008842-L0002,PO260117008842,2,7229-7146-0002,AUTO_APPROVE,MATCH,MATCH,None,No action required. Auto-close the 3-way match case.,79.0,52.5,79.0,79.0,52.5,0.0,0.0,0.0,1,0,SERVICES,LOW,0.028657,5,4,9
PO260117008842-L0003,PO260117008842,3,1853-3400-0003,AUTO_APPROVE,MATCH,MATCH,None,No action required. Auto-close the 3-way match case.,239.0,117.4,239.0,239.0,117.4,0.0,0.0,0.0,1,0,SERVICES,LOW,0.028657,5,4,9
PO260117008842-L0004,PO260117008842,4,9011-9565-0004,AUTO_APPROVE,MATCH,MATCH,None,No action required. Auto-close the 3-way match case.,94.0,232.79,94.0,94.0,232.79,0.0,0.0,0.0,1,0,SERVICES,LOW,0.028657,5,4,9
PO260117008966-L0001,PO260117008966,1,8106-2040-0001,MANUAL_REVIEW,PRICE_ERROR,PRICE_ERROR,Finance,Hold payment. Request corrected invoice or issue debit/credit memo based on contract price.,36.0,216.0,36.0,36.0,201.79,0.0,0.0,-0.06578703703703707,1,0,CAPEX,LOW,0.047279,4,0,4
PO260117008966-L0002,PO260117008966,2,2178-9770-0002,AUTO_APPROVE,PRICE_ERROR,PRICE_ERROR,Finance,Hold payment. Request corrected invoice or issue debit/credit memo based on contract price.,47.0,6.01,47.0,47.0,6.01,0.0,0.0,0.0,1,0,CAPEX,LOW,0.047279,4,0,4
PO260117009042-L0001,PO260117009042,1,3536-0929-0001,AUTO_APPROVE,MATCH,MATCH,None,No action required. Auto-close the 3-way match case.,11.0,42.14,11.0,11.0,42.14,0.0,0.0,0.0,1,0,MRO,HIGH,0.091733,8,5,13
PO260117009042-L0002,PO260117009042,2,8312-4811-0002,AUTO_APPROVE,MATCH,MATCH,None,No action required. Auto-close the 3-way match case.,224.0,146.56,224.0,224.0,146.63,0.0,0.0,0.000477620087336198,1,0,MRO,HIGH,0.091733,8,5,13
PO260117009042-L0003,PO260117009042,3,6222-9185-0003,AUTO_APPROVE,MATCH,MATCH,None,No action required. Auto-close the 3-way match case.,80.0,228.2,80.0,80.0,228.2,0.0,0.0,0.0,1,0,MRO,HIGH,0.091733,8,5,13
PO260117009042-L0004,PO260117009042,4,6314-8991-0004,AUTO_APPROVE,MATCH,MATCH,None,No action required. Auto-close the 3-way match case.,39.0,236.53,39.0,39.0,236.53,0.0,0.0,0.0,1,0,MRO,HIGH,0.091733,8,5,13
PO260117009155-L0001,PO260117009155,1,9623-1195-0001,AUTO_APPROVE,QTY_SHORT,QTY_SHORT,Logistics,"Flag as short shipment. Notify supplier, request backorder/credit, and update receiving reconciliation.",126.0,88.62,125.0,126.0,88.62,0.0,0.0,0.0,1,0,CAPEX,LOW,0.044981,4,5,9
PO260117009155-L0002,PO260117009155,2,9135-1524-0002,AUTO_APPROVE,QTY_SHORT,QTY_SHORT,Logistics,"Flag as short shipment. Notify supplier, request backorder/credit, and update receiving reconciliation.",125.0,71.8,125.0,125.0,71.8,0.0,0.0,0.0,1,0,CAPEX,LOW,0.044981,4,5,9
PO260117009155-L0003,PO260117009155,3,5963-9794-0003,MANUAL_REVIEW,QTY_SHORT,QTY_SHORT,Logistics,"Flag as short shipment. Notify supplier, request backorder/credit, and update receiving reconciliation.",52.0,37.08,52.0,50.0,37.08,-2.0,-0.038461538461538464,0.0,1,0,CAPEX,LOW,0.044981,4,5,9
PO260117009155-L0004,PO260117009155,4,5442-3723-0004,AUTO_APPROVE,QTY_SHORT,QTY_SHORT,Logistics,"Flag as short shipment. Notify supplier, request backorder/credit, and update receiving reconciliation.",9.0,146.08,9.0,9.0,146.08,0.0,0.0,0.0,1,0,CAPEX,LOW,0.044981,4,5,9
PO260117009155-L0005,PO260117009155,5,2649-0022-0005,AUTO_APPROVE,QTY_SHORT,QTY_SHORT,Logistics,"Flag as short shipment. Notify supplier, request backorder/credit, and update receiving reconciliation.",50.0,236.24,50.0,50.0,236.24,0.0,0.0,0.0,1,0,CAPEX,LOW,0.044981,4,5,9
PO260117009271-L0001,PO260117009271,1,2745-3912-0001,AUTO_APPROVE,QTY_SHORT,QTY_SHORT,Logistics,"Flag as short shipment. Notify supplier, request backorder/credit, and update receiving reconciliation.",40.0,125.29,25.0,40.0,125.29,0.0,0.0,0.0,1,0,MRO,LOW,0.052282,3,2,5
PO260117009311-L0001,PO260117009311,1,4455-3757-0001,AUTO_APPROVE,PRICE_ERROR,PRICE_ERROR,Finance,Hold payment. Request corrected invoice or issue debit/credit memo based on contract price.,193.0,44.89,193.0,193.0,44.39,0.0,0.0,-0.011138338159946536,1,0,RAW_MATERIAL,HIGH,0.060943,1,3,4
PO260117009311-L0002,PO260117009311,2,5328-0507-0002,AUTO_APPROVE,PRICE_ERROR,PRICE_ERROR,Finance,Hold payment. Request corrected invoice or issue debit/credit memo based on contract price.,101.0,157.0,101.0,101.0,157.0,0.0,0.0,0.0,1,0,RAW_MATERIAL,HIGH,0.060943,1,3,4
PO260117009311-L0003,PO260117009311,3,2795-4784-0003,AUTO_APPROVE,PRICE_ERROR,PRICE_ERROR,Finance,Hold payment. Request corrected invoice or issue debit/credit memo based on contract price.,22.0,166.81,22.0,22.0,166.81,0.0,0.0,0.0,1,0,RAW_MATERIAL,HIGH,0.060943,1,3,4
PO260117009311-L0004,PO260117009311,4,4565-3833-0004,AUTO_APPROVE,PRICE_ERROR,PRICE_ERROR,Finance,Hold payment. Request corrected invoice or issue debit/credit memo based on contract price.,153.0,194.3,153.0,153.0,194.3,0.0,0.0,0.0,1,0,RAW_MATERIAL,HIGH,0.060943,1,3,4
PO260117009311-L0005,PO260117009311,5,9404-1019-0005,AUTO_APPROVE,PRICE_ERROR,PRICE_ERROR,Finance,Hold payment. Request corrected invoice or issue debit/credit memo based on contract price.,19.0,150.8,19.0,19.0,150.8,0.0,0.0,0.0,1,0,RAW_MATERIAL,HIGH,0.060943,1,3,4
PO260117009311-L0006,PO260117009311,6,2606-0676-0006,AUTO_APPROVE,PRICE_ERROR,PRICE_ERROR,Finance,Hold payment. Request corrected invoice or issue debit/credit memo based on contract price.,159.0,193.78,159.0,159.0,193.78,0.0,0.0,0.0,1,0,RAW_MATERIAL,HIGH,0.060943,1,3,4
PO260117009418-L0001,PO260117009418,1,9610-5407-0001,AUTO_APPROVE,QTY_SHORT,QTY_SHORT,Logistics,"Flag as short shipment. Notify supplier, request backorder/credit, and update receiving reconciliation.",193.0,151.87,193.0,193.0,151.87,0.0,0.0,0.0,1,0,RAW_MATERIAL,LOW,0.057116,8,0,8
PO260117009418-L0002,PO260117009418,2,2026-3262-0002,AUTO_APPROVE,QTY_SHORT,QTY_SHORT,Logistics,"Flag as short shipment. Notify supplier, request backorder/credit, and update receiving reconciliation.",217.0,92.99,217.0,217.0,92.99,0.0,0.0,0.0,1,0,RAW_MATERIAL,LOW,0.057116,8,0,8
PO260117009418-L0003,PO260117009418,3,7739-1514-0003,AUTO_APPROVE,QTY_SHORT,QTY_SHORT,Logistics,"Flag as short shipment. Notify supplier, request backorder/credit, and update receiving reconciliation.",150.0,42.65,139.0,150.0,42.65,0.0,0.0,0.0,1,0,RAW_MATERIAL,LOW,0.057116,8,0,8
PO260117009418-L0004,PO260117009418,4,9070-8131-0004,AUTO_APPROVE,QTY_SHORT,QTY_SHORT,Logistics,"Flag as short shipment. Notify supplier, request backorder/credit, and update receiving reconciliation.",67.0,207.54,67.0,67.0,207.54,0.0,0.0,0.0,1,0,RAW_MATERIAL,LOW,0.057116,8,0,8
PO260117009542-L0001,PO260117009542,1,8502-9202-0001,MANUAL_REVIEW,TAX_MISMATCH,TAX_MISMATCH,Finance,Validate tax jurisdiction and taxable status. Request corrected invoice or adjust tax posting.,225.0,124.42,225.0,225.0,124.42,0.0,0.0,0.0,1,0,MRO,HIGH,0.131566,4,1,5
PO260117009542-L0002,PO260117009542,2,1822-6423-0002,MANUAL_REVIEW,TAX_MISMATCH,TAX_MISMATCH,Finance,Validate tax jurisdiction and taxable status. Request corrected invoice or adjust tax posting.,204.0,157.62,204.0,204.0,157.62,0.0,0.0,0.0,1,0,MRO,HIGH,0.131566,4,1,5
PO260117009662-L0001,PO260117009662,1,6495-8936-0001,MANUAL_REVIEW,PRICE_ERROR,PRICE_ERROR,Finance,Hold payment. Request corrected invoice or issue debit/credit memo based on contract price.,22.0,90.04,22.0,22.0,90.04,0.0,0.0,0.0,1,0,MRO,HIGH,0.237342,5,3,8
PO260117009662-L0002,PO260117009662,2,8633-0534-0002,MANUAL_REVIEW,PRICE_ERROR,PRICE_ERROR,Finance,Hold payment. Request corrected invoice or issue debit/credit memo based on contract price.,86.0,24.27,86.0,86.0,24.6,0.0,0.0,0.01359703337453654,1,0,MRO,HIGH,0.237342,5,3,8
PO260117009730-L0001,PO260117009730,1,3872-1700-0001,MANUAL_REVIEW,UOM_DISCREPANCY,UOM_DISCREPANCY,Procurement,"Normalize UOM using item master conversion. If mismatch persists, request corrected docs.",117.0,142.4,117.0,117.0,142.4,0.0,0.0,0.0,1,0,SERVICES,LOW,0.014263,9,0,9
PO260117009893-L0001,PO260117009893,1,1294-0934-0001,MANUAL_REVIEW,QTY_SHORT,QTY_SHORT,Logistics,"Flag as short shipment. Notify supplier, request backorder/credit, and update receiving reconciliation.",143.0,95.85,143.0,143.0,95.85,0.0,0.0,0.0,1,0,CAPEX,HIGH,0.18885,8,2,10
PO260117009893-L0002,PO260117009893,2,6097-8397-0002,MANUAL_REVIEW,QTY_SHORT,QTY_SHORT,Logistics,"Flag as short shipment. Notify supplier, request backorder/credit, and update receiving reconciliation.",187.0,152.75,140.0,187.0,152.75,0.0,0.0,0.0,1,0,CAPEX,HIGH,0.18885,8,2,10
PO260117009893-L0003,PO260117009893,3,8518-0576-0003,MANUAL_REVIEW,QTY_SHORT,QTY_SHORT,Logistics,"Flag as short shipment. Notify supplier, request backorder/credit, and update receiving reconciliation.",124.0,36.41,124.0,124.0,36.41,0.0,0.0,0.0,1,0,CAPEX,HIGH,0.18885,8,2,10
PO260117009893-L0004,PO260117009893,4,5447-2368-0004,MANUAL_REVIEW,QTY_SHORT,QTY_SHORT,Logistics,"Flag as short shipment. Notify supplier, request backorder/credit, and update receiving reconciliation.",151.0,229.71,151.0,151.0,229.71,0.0,0.0,0.0,1,0,CAPEX,HIGH,0.18885,8,2,10
PO260117009893-L0005,PO260117009893,5,9322-0765-0005,MANUAL_REVIEW,QTY_SHORT,QTY_SHORT,Logistics,"Flag as short shipment. Notify supplier, request backorder/credit, and update receiving reconciliation.",45.0,187.48,45.0,43.0,187.48,-2.0,-0.044444444444444446,0.0,1,0,CAPEX,HIGH,0.18885,8,2,10
PO260117009893-L0006,PO260117009893,6,5601-3961-0006,MANUAL_REVIEW,QTY_SHORT,QTY_SHORT,Logistics,"Flag as short shipment. Notify supplier, request backorder/credit, and update receiving reconciliation.",198.0,137.21,198.0,198.0,137.21,0.0,0.0,0.0,1,0,CAPEX,HIGH,0.18885,8,2,10
PO260117009959-L0001,PO260117009959,1,5462-5070-0001,AUTO_APPROVE,TAX_MISMATCH,TAX_MISMATCH,Finance,Validate tax jurisdiction and taxable status. Request corrected invoice or adjust tax posting.,51.0,156.13,51.0,51.0,156.13,0.0,0.0,0.0,1,0,MRO,MEDIUM,0.06691,6,5,11
PO260117009959-L0002,PO260117009959,2,8181-6605-0002,MANUAL_REVIEW,TAX_MISMATCH,TAX_MISMATCH,Finance,Validate tax jurisdiction and taxable status. Request corrected invoice or adjust tax posting.,175.0,66.9,175.0,175.0,66.9,0.0,0.0,0.0,1,0,MRO,MEDIUM,0.06691,6,5,11
